{
  "id": "1668666",
  "name": "电商员工端小程序",
  "font_family": "iconfont",
  "css_prefix_text": "icon",
  "description": "新电商项目3.1",
  "glyphs": [
    {
      "icon_id": "7543732",
      "name": "ios-close",
      "font_class": "ios-close",
      "unicode": "e756",
      "unicode_decimal": 59222
    },
    {
      "icon_id": "6508410",
      "name": "禁止",
      "font_class": "jinzhi",
      "unicode": "e64c",
      "unicode_decimal": 58956
    },
    {
      "icon_id": "7031901",
      "name": "设置",
      "font_class": "set",
      "unicode": "e637",
      "unicode_decimal": 58935
    },
    {
      "icon_id": "13311138",
      "name": "站点ID",
      "font_class": "zhandianID",
      "unicode": "e7bf",
      "unicode_decimal": 59327
    },
    {
      "icon_id": "1127380",
      "name": "用户3",
      "font_class": "user3",
      "unicode": "e64a",
      "unicode_decimal": 58954
    },
    {
      "icon_id": "5271617",
      "name": "微信",
      "font_class": "weixin",
      "unicode": "e6ea",
      "unicode_decimal": 59114
    },
    {
      "icon_id": "11150094",
      "name": "添加",
      "font_class": "icon-add",
      "unicode": "e601",
      "unicode_decimal": 58881
    },
    {
      "icon_id": "10508207",
      "name": "感叹",
      "font_class": "plaint",
      "unicode": "e621",
      "unicode_decimal": 58913
    },
    {
      "icon_id": "6959990",
      "name": "ios-arrow-forward",
      "font_class": "ios-arrow-forward",
      "unicode": "e646",
      "unicode_decimal": 58950
    },
    {
      "icon_id": "12313140",
      "name": "展开",
      "font_class": "collapse",
      "unicode": "e60a",
      "unicode_decimal": 58890
    },
    {
      "icon_id": "2503313",
      "name": "勾",
      "font_class": "radio",
      "unicode": "e7c1",
      "unicode_decimal": 59329
    },
    {
      "icon_id": "6673902",
      "name": "添加",
      "font_class": "add1",
      "unicode": "e600",
      "unicode_decimal": 58880
    },
    {
      "icon_id": "7858083",
      "name": "上升",
      "font_class": "rise",
      "unicode": "e68c",
      "unicode_decimal": 59020
    },
    {
      "icon_id": "8522312",
      "name": "下载",
      "font_class": "download",
      "unicode": "ebaf",
      "unicode_decimal": 60335
    },
    {
      "icon_id": "9856350",
      "name": "勾",
      "font_class": "choose",
      "unicode": "e652",
      "unicode_decimal": 58962
    },
    {
      "icon_id": "3668022",
      "name": "设置",
      "font_class": "setting",
      "unicode": "e64b",
      "unicode_decimal": 58955
    },
    {
      "icon_id": "4517515",
      "name": "删  除",
      "font_class": "delete1",
      "unicode": "e659",
      "unicode_decimal": 58969
    },
    {
      "icon_id": "4933380",
      "name": "删除",
      "font_class": "delete",
      "unicode": "e74c",
      "unicode_decimal": 59212
    },
    {
      "icon_id": "5323791",
      "name": "系统管理_参数设置",
      "font_class": "site",
      "unicode": "e649",
      "unicode_decimal": 58953
    },
    {
      "icon_id": "5818681",
      "name": "筛选",
      "font_class": "screen",
      "unicode": "e6ad",
      "unicode_decimal": 59053
    },
    {
      "icon_id": "6960084",
      "name": "ios-eye-off",
      "font_class": "ios-eye-off",
      "unicode": "e69f",
      "unicode_decimal": 59039
    },
    {
      "icon_id": "6960085",
      "name": "ios-eye",
      "font_class": "ios-eye",
      "unicode": "e6a0",
      "unicode_decimal": 59040
    },
    {
      "icon_id": "8094197",
      "name": "密码",
      "font_class": "password",
      "unicode": "e64d",
      "unicode_decimal": 58957
    },
    {
      "icon_id": "8527100",
      "name": "sousuo",
      "font_class": "search",
      "unicode": "e615",
      "unicode_decimal": 58901
    },
    {
      "icon_id": "11776587",
      "name": "手机",
      "font_class": "mobile",
      "unicode": "e651",
      "unicode_decimal": 58961
    },
    {
      "icon_id": "13205608",
      "name": "home-01",
      "font_class": "home",
      "unicode": "e7b8",
      "unicode_decimal": 59320
    },
    {
      "icon_id": "13205609",
      "name": "home-02",
      "font_class": "home-1",
      "unicode": "e7b9",
      "unicode_decimal": 59321
    },
    {
      "icon_id": "13205652",
      "name": "client-02",
      "font_class": "client",
      "unicode": "e7ba",
      "unicode_decimal": 59322
    },
    {
      "icon_id": "13205653",
      "name": "client-01",
      "font_class": "client-1",
      "unicode": "e7bb",
      "unicode_decimal": 59323
    },
    {
      "icon_id": "13205812",
      "name": "Invite customers",
      "font_class": "Invitecustomers",
      "unicode": "e7bc",
      "unicode_decimal": 59324
    },
    {
      "icon_id": "13205813",
      "name": "Add customer",
      "font_class": "Addcustomer",
      "unicode": "e7bd",
      "unicode_decimal": 59325
    },
    {
      "icon_id": "13205814",
      "name": "Staff Statistics",
      "font_class": "StaffStatistics",
      "unicode": "e7be",
      "unicode_decimal": 59326
    }
  ]
}
