{
  "id": "1021592",
  "name": "电商用户端界面",
  "font_family": "iconfont",
  "css_prefix_text": "icon-",
  "description": "",
  "glyphs": [
    {
      "icon_id": "14688857",
      "name": "区域代理",
      "font_class": "quyudaili",
      "unicode": "e81d",
      "unicode_decimal": 59421
    },
    {
      "icon_id": "5931846",
      "name": "拼团",
      "font_class": "pintuan",
      "unicode": "e66d",
      "unicode_decimal": 58989
    },
    {
      "icon_id": "9972588",
      "name": "邀请",
      "font_class": "yaoqing",
      "unicode": "ea39",
      "unicode_decimal": 59961
    },
    {
      "icon_id": "1958537",
      "name": "手机",
      "font_class": "shouji2",
      "unicode": "e75e",
      "unicode_decimal": 59230
    },
    {
      "icon_id": "4961377",
      "name": "验证码",
      "font_class": "yanzhengma",
      "unicode": "e652",
      "unicode_decimal": 58962
    },
    {
      "icon_id": "13673073",
      "name": "直播",
      "font_class": "zhibo1",
      "unicode": "e812",
      "unicode_decimal": 59410
    },
    {
      "icon_id": "13533818",
      "name": "people",
      "font_class": "people",
      "unicode": "e7c4",
      "unicode_decimal": 59332
    },
    {
      "icon_id": "13533819",
      "name": "Replay",
      "font_class": "Replay",
      "unicode": "e7c5",
      "unicode_decimal": 59333
    },
    {
      "icon_id": "13205652",
      "name": "client-02",
      "font_class": "client-",
      "unicode": "e7ba",
      "unicode_decimal": 59322
    },
    {
      "icon_id": "13205653",
      "name": "client-01",
      "font_class": "client-1",
      "unicode": "e7bb",
      "unicode_decimal": 59323
    },
    {
      "icon_id": "13205608",
      "name": "home-01",
      "font_class": "home-",
      "unicode": "e7b8",
      "unicode_decimal": 59320
    },
    {
      "icon_id": "13205609",
      "name": "home-02",
      "font_class": "home-1",
      "unicode": "e7b9",
      "unicode_decimal": 59321
    },
    {
      "icon_id": "5323791",
      "name": "系统管理_参数设置",
      "font_class": "xitongguanli_canshushezhi",
      "unicode": "e649",
      "unicode_decimal": 58953
    },
    {
      "icon_id": "13196791",
      "name": "volume-02",
      "font_class": "volume-1",
      "unicode": "e7b7",
      "unicode_decimal": 59319
    },
    {
      "icon_id": "13196790",
      "name": "volume-01",
      "font_class": "volume-",
      "unicode": "e7b6",
      "unicode_decimal": 59318
    },
    {
      "icon_id": "647455",
      "name": "播放",
      "font_class": "bofang",
      "unicode": "e653",
      "unicode_decimal": 58963
    },
    {
      "icon_id": "1127380",
      "name": "用户3",
      "font_class": "user3",
      "unicode": "e64a",
      "unicode_decimal": 58954
    },
    {
      "icon_id": "2154946",
      "name": "播放器-暂停_44",
      "font_class": "bofangqi-zanting",
      "unicode": "e6a5",
      "unicode_decimal": 59045
    },
    {
      "icon_id": "5271617",
      "name": "微信",
      "font_class": "weixin",
      "unicode": "e6ea",
      "unicode_decimal": 59114
    },
    {
      "icon_id": "5818681",
      "name": "筛选",
      "font_class": "shaixuan",
      "unicode": "e6ad",
      "unicode_decimal": 59053
    },
    {
      "icon_id": "7193676",
      "name": "分享",
      "font_class": "fenxiang2",
      "unicode": "e72f",
      "unicode_decimal": 59183
    },
    {
      "icon_id": "7287572",
      "name": "店铺",
      "font_class": "dianpu1",
      "unicode": "e739",
      "unicode_decimal": 59193
    },
    {
      "icon_id": "8094197",
      "name": "密码",
      "font_class": "mima1",
      "unicode": "e64d",
      "unicode_decimal": 58957
    },
    {
      "icon_id": "8530455",
      "name": "添加",
      "font_class": "tianjia",
      "unicode": "e64f",
      "unicode_decimal": 58959
    },
    {
      "icon_id": "9231548",
      "name": "首页",
      "font_class": "shouye1",
      "unicode": "e693",
      "unicode_decimal": 59027
    },
    {
      "icon_id": "11459724",
      "name": "用户",
      "font_class": "yonghu",
      "unicode": "e650",
      "unicode_decimal": 58960
    },
    {
      "icon_id": "11776587",
      "name": "手机",
      "font_class": "shouji1",
      "unicode": "e651",
      "unicode_decimal": 58961
    },
    {
      "icon_id": "13159424",
      "name": "Advertising screen",
      "font_class": "menchuang-",
      "unicode": "e7b5",
      "unicode_decimal": 59317
    },
    {
      "icon_id": "11987029",
      "name": "扫一扫",
      "font_class": "saoyisao",
      "unicode": "e664",
      "unicode_decimal": 58980
    },
    {
      "icon_id": "12968969",
      "name": "icon-collect",
      "font_class": "icon-collect",
      "unicode": "e7b2",
      "unicode_decimal": 59314
    },
    {
      "icon_id": "12961772",
      "name": "icon-qrcode",
      "font_class": "icon-qrcode",
      "unicode": "e7b0",
      "unicode_decimal": 59312
    },
    {
      "icon_id": "12961773",
      "name": "icon-shop",
      "font_class": "icon-shop",
      "unicode": "e7b1",
      "unicode_decimal": 59313
    },
    {
      "icon_id": "1350122",
      "name": "电话",
      "font_class": "contact1",
      "unicode": "e648",
      "unicode_decimal": 58952
    },
    {
      "icon_id": "11857669",
      "name": "Anti-fake",
      "font_class": "Anti-fake",
      "unicode": "e79f",
      "unicode_decimal": 59295
    },
    {
      "icon_id": "11854998",
      "name": "storage",
      "font_class": "storage1",
      "unicode": "e79e",
      "unicode_decimal": 59294
    },
    {
      "icon_id": "11833437",
      "name": "contact",
      "font_class": "contact",
      "unicode": "e79c",
      "unicode_decimal": 59292
    },
    {
      "icon_id": "11817357",
      "name": "time",
      "font_class": "time",
      "unicode": "e647",
      "unicode_decimal": 58951
    },
    {
      "icon_id": "6959990",
      "name": "ios-arrow-forward",
      "font_class": "ios-arrow-forward",
      "unicode": "e646",
      "unicode_decimal": 58950
    },
    {
      "icon_id": "7580861",
      "name": "电话",
      "font_class": "dianhua",
      "unicode": "e7e5",
      "unicode_decimal": 59365
    },
    {
      "icon_id": "691957",
      "name": "授权管理",
      "font_class": "shouquanguanli",
      "unicode": "e644",
      "unicode_decimal": 58948
    },
    {
      "icon_id": "4512729",
      "name": "账户查询",
      "font_class": "shouquanchaxun",
      "unicode": "e645",
      "unicode_decimal": 58949
    },
    {
      "icon_id": "6536067",
      "name": "文件-证书",
      "font_class": "wj-zs",
      "unicode": "e72b",
      "unicode_decimal": 59179
    },
    {
      "icon_id": "7181805",
      "name": "会员",
      "font_class": "member",
      "unicode": "e643",
      "unicode_decimal": 58947
    },
    {
      "icon_id": "3668022",
      "name": "设置",
      "font_class": "setting",
      "unicode": "e64b",
      "unicode_decimal": 58955
    },
    {
      "icon_id": "4460750",
      "name": "二维码",
      "font_class": "qrcode",
      "unicode": "e704",
      "unicode_decimal": 59140
    },
    {
      "icon_id": "10963673",
      "name": "icon_after-sales",
      "font_class": "icon_after-sales",
      "unicode": "e794",
      "unicode_decimal": 59284
    },
    {
      "icon_id": "10963674",
      "name": "icon_send",
      "font_class": "icon_send",
      "unicode": "e795",
      "unicode_decimal": 59285
    },
    {
      "icon_id": "10963675",
      "name": "icon_evaluation",
      "font_class": "icon_evaluation",
      "unicode": "e796",
      "unicode_decimal": 59286
    },
    {
      "icon_id": "10963676",
      "name": "icon_obligation",
      "font_class": "icon_obligation",
      "unicode": "e797",
      "unicode_decimal": 59287
    },
    {
      "icon_id": "10963677",
      "name": "icon_complete",
      "font_class": "icon_complete",
      "unicode": "e798",
      "unicode_decimal": 59288
    },
    {
      "icon_id": "10963678",
      "name": "icon_delivery",
      "font_class": "icon_delivery",
      "unicode": "e799",
      "unicode_decimal": 59289
    },
    {
      "icon_id": "4549747",
      "name": "成功",
      "font_class": "chenggong1",
      "unicode": "e63f",
      "unicode_decimal": 58943
    },
    {
      "icon_id": "9713089",
      "name": "成功",
      "font_class": "chenggong",
      "unicode": "e68b",
      "unicode_decimal": 59019
    },
    {
      "icon_id": "6395310",
      "name": "日期",
      "font_class": "riqi",
      "unicode": "e63e",
      "unicode_decimal": 58942
    },
    {
      "icon_id": "2528331",
      "name": "订单",
      "font_class": "order",
      "unicode": "e638",
      "unicode_decimal": 58936
    },
    {
      "icon_id": "2566871",
      "name": "业绩",
      "font_class": "results",
      "unicode": "e63d",
      "unicode_decimal": 58941
    },
    {
      "icon_id": "6839333",
      "name": "利润",
      "font_class": "profit",
      "unicode": "e684",
      "unicode_decimal": 59012
    },
    {
      "icon_id": "4490381",
      "name": "团队",
      "font_class": "team",
      "unicode": "e759",
      "unicode_decimal": 59225
    },
    {
      "icon_id": "3569159",
      "name": "我的足迹",
      "font_class": "footprint",
      "unicode": "e64e",
      "unicode_decimal": 58958
    },
    {
      "icon_id": "4926391",
      "name": "徒弟分佣",
      "font_class": "commission",
      "unicode": "e663",
      "unicode_decimal": 58979
    },
    {
      "icon_id": "5298388",
      "name": "收藏夹",
      "font_class": "favorite",
      "unicode": "e698",
      "unicode_decimal": 59032
    },
    {
      "icon_id": "5900736",
      "name": "代理",
      "font_class": "agency",
      "unicode": "e6e7",
      "unicode_decimal": 59111
    },
    {
      "icon_id": "7031901",
      "name": "设置",
      "font_class": "set",
      "unicode": "e637",
      "unicode_decimal": 58935
    },
    {
      "icon_id": "9525008",
      "name": "Wechat Receipt Code",
      "font_class": "WechatReceiptCode",
      "unicode": "e636",
      "unicode_decimal": 58934
    },
    {
      "icon_id": "9524999",
      "name": "Alipay",
      "font_class": "Alipay",
      "unicode": "e634",
      "unicode_decimal": 58932
    },
    {
      "icon_id": "9524985",
      "name": "Alipay payment code",
      "font_class": "Alipaypaymentcode",
      "unicode": "e633",
      "unicode_decimal": 58931
    },
    {
      "icon_id": "369175",
      "name": "银行卡",
      "font_class": "Bankcard",
      "unicode": "e6e9",
      "unicode_decimal": 59113
    },
    {
      "icon_id": "1648681",
      "name": "arrow down",
      "font_class": "arrow-right",
      "unicode": "e631",
      "unicode_decimal": 58929
    },
    {
      "icon_id": "902050",
      "name": "评论",
      "font_class": "pinglun",
      "unicode": "e63c",
      "unicode_decimal": 58940
    },
    {
      "icon_id": "7450624",
      "name": "评价星星",
      "font_class": "pingjiaxingxing",
      "unicode": "e662",
      "unicode_decimal": 58978
    },
    {
      "icon_id": "7898556",
      "name": "促销活动-活动列表",
      "font_class": "cuxiaohuodong-huodongliebiao",
      "unicode": "e62f",
      "unicode_decimal": 58927
    },
    {
      "icon_id": "6394226",
      "name": "快递",
      "font_class": "kuaidi",
      "unicode": "e665",
      "unicode_decimal": 58981
    },
    {
      "icon_id": "2987224",
      "name": "下拉箭头",
      "font_class": "xialajiantou",
      "unicode": "e65b",
      "unicode_decimal": 58971
    },
    {
      "icon_id": "1076259",
      "name": "所赚佣金",
      "font_class": "icon",
      "unicode": "e62c",
      "unicode_decimal": 58924
    },
    {
      "icon_id": "3666371",
      "name": "会员",
      "font_class": "huiyuan",
      "unicode": "e641",
      "unicode_decimal": 58945
    },
    {
      "icon_id": "5758829",
      "name": "二维码",
      "font_class": "erweima-copy",
      "unicode": "e640",
      "unicode_decimal": 58944
    },
    {
      "icon_id": "6816986",
      "name": "团队",
      "font_class": "tuandui",
      "unicode": "e630",
      "unicode_decimal": 58928
    },
    {
      "icon_id": "6959626",
      "name": "星星",
      "font_class": "xingxing",
      "unicode": "e60d",
      "unicode_decimal": 58893
    },
    {
      "icon_id": "7463942",
      "name": "问号",
      "font_class": "wenhao",
      "unicode": "e62d",
      "unicode_decimal": 58925
    },
    {
      "icon_id": "7434558",
      "name": "密码",
      "font_class": "mima",
      "unicode": "e807",
      "unicode_decimal": 59399
    },
    {
      "icon_id": "8527093",
      "name": "kefu",
      "font_class": "kefu",
      "unicode": "e60a",
      "unicode_decimal": 58890
    },
    {
      "icon_id": "8527094",
      "name": "gouwudai",
      "font_class": "gouwudai",
      "unicode": "e60e",
      "unicode_decimal": 58894
    },
    {
      "icon_id": "8527095",
      "name": "shoucang",
      "font_class": "shoucang",
      "unicode": "e610",
      "unicode_decimal": 58896
    },
    {
      "icon_id": "8527096",
      "name": "liulan",
      "font_class": "liulan1",
      "unicode": "e611",
      "unicode_decimal": 58897
    },
    {
      "icon_id": "8527097",
      "name": "shezhi",
      "font_class": "shezhi2",
      "unicode": "e612",
      "unicode_decimal": 58898
    },
    {
      "icon_id": "8527098",
      "name": "shouhou",
      "font_class": "shouhou1",
      "unicode": "e613",
      "unicode_decimal": 58899
    },
    {
      "icon_id": "8527099",
      "name": "gouwuche",
      "font_class": "gouwuche2",
      "unicode": "e614",
      "unicode_decimal": 58900
    },
    {
      "icon_id": "8527100",
      "name": "sousuo",
      "font_class": "sousuo",
      "unicode": "e615",
      "unicode_decimal": 58901
    },
    {
      "icon_id": "8527101",
      "name": "shouji",
      "font_class": "shouji",
      "unicode": "e616",
      "unicode_decimal": 58902
    },
    {
      "icon_id": "8527102",
      "name": "shouye",
      "font_class": "shouye",
      "unicode": "e617",
      "unicode_decimal": 58903
    },
    {
      "icon_id": "8527103",
      "name": "yiwancheng1",
      "font_class": "yiwancheng",
      "unicode": "e618",
      "unicode_decimal": 58904
    },
    {
      "icon_id": "8527104",
      "name": "wiefukuan",
      "font_class": "wiefukuan",
      "unicode": "e61a",
      "unicode_decimal": 58906
    },
    {
      "icon_id": "8527105",
      "name": "wode",
      "font_class": "wode",
      "unicode": "e61b",
      "unicode_decimal": 58907
    },
    {
      "icon_id": "8527106",
      "name": "yiwancheng2",
      "font_class": "yiwancheng1",
      "unicode": "e61c",
      "unicode_decimal": 58908
    },
    {
      "icon_id": "8527107",
      "name": "xinwen",
      "font_class": "xinwen",
      "unicode": "e61d",
      "unicode_decimal": 58909
    },
    {
      "icon_id": "8527108",
      "name": "youhuiquan",
      "font_class": "youhuiquan",
      "unicode": "e61e",
      "unicode_decimal": 58910
    },
    {
      "icon_id": "8527109",
      "name": "yue",
      "font_class": "yue2",
      "unicode": "e61f",
      "unicode_decimal": 58911
    },
    {
      "icon_id": "8527110",
      "name": "biaoqian",
      "font_class": "biaoqian",
      "unicode": "e620",
      "unicode_decimal": 58912
    },
    {
      "icon_id": "8527111",
      "name": "chanpin",
      "font_class": "chanpin",
      "unicode": "e621",
      "unicode_decimal": 58913
    },
    {
      "icon_id": "8527112",
      "name": "daifahuo",
      "font_class": "daifahuo2",
      "unicode": "e622",
      "unicode_decimal": 58914
    },
    {
      "icon_id": "8527113",
      "name": "daohang",
      "font_class": "daohang",
      "unicode": "e623",
      "unicode_decimal": 58915
    },
    {
      "icon_id": "8527114",
      "name": "dianpu",
      "font_class": "dianpu",
      "unicode": "e625",
      "unicode_decimal": 58917
    },
    {
      "icon_id": "8527115",
      "name": "fanhui",
      "font_class": "fanhui",
      "unicode": "e626",
      "unicode_decimal": 58918
    },
    {
      "icon_id": "8527116",
      "name": "fenlei2",
      "font_class": "fenlei",
      "unicode": "e627",
      "unicode_decimal": 58919
    },
    {
      "icon_id": "8527117",
      "name": "faxian",
      "font_class": "faxian",
      "unicode": "e628",
      "unicode_decimal": 58920
    },
    {
      "icon_id": "8527118",
      "name": "fenlei1",
      "font_class": "fenlei1",
      "unicode": "e629",
      "unicode_decimal": 58921
    },
    {
      "icon_id": "8527119",
      "name": "fenxiang",
      "font_class": "fenxiang1",
      "unicode": "e62a",
      "unicode_decimal": 58922
    },
    {
      "icon_id": "8557814",
      "name": "fengxiao",
      "font_class": "fengxiao1",
      "unicode": "e62b",
      "unicode_decimal": 58923
    },
    {
      "icon_id": "4517515",
      "name": "删  除",
      "font_class": "shanchu",
      "unicode": "e659",
      "unicode_decimal": 58969
    },
    {
      "icon_id": "2108461",
      "name": "地址",
      "font_class": "dizhi1",
      "unicode": "e604",
      "unicode_decimal": 58884
    },
    {
      "icon_id": "3444787",
      "name": "余额",
      "font_class": "yue-active",
      "unicode": "e606",
      "unicode_decimal": 58886
    },
    {
      "icon_id": "3836657",
      "name": "订单",
      "font_class": "dingdan",
      "unicode": "e608",
      "unicode_decimal": 58888
    },
    {
      "icon_id": "4230176",
      "name": "待发货",
      "font_class": "daifahuo1",
      "unicode": "e658",
      "unicode_decimal": 58968
    },
    {
      "icon_id": "4546131",
      "name": "设置",
      "font_class": "shezhi1",
      "unicode": "e758",
      "unicode_decimal": 59224
    },
    {
      "icon_id": "5355083",
      "name": "待收货",
      "font_class": "dsh",
      "unicode": "e749",
      "unicode_decimal": 59209
    },
    {
      "icon_id": "5591097",
      "name": "待付款",
      "font_class": "daifukuan",
      "unicode": "e607",
      "unicode_decimal": 58887
    },
    {
      "icon_id": "7204780",
      "name": "售后",
      "font_class": "shouhou2",
      "unicode": "e63a",
      "unicode_decimal": 58938
    },
    {
      "icon_id": "6960084",
      "name": "ios-eye-off",
      "font_class": "ios-eye-off",
      "unicode": "e69f",
      "unicode_decimal": 59039
    },
    {
      "icon_id": "6960085",
      "name": "ios-eye",
      "font_class": "ios-eye",
      "unicode": "e6a0",
      "unicode_decimal": 59040
    },
    {
      "icon_id": "4141470",
      "name": "店铺首页",
      "font_class": "dianpushouye",
      "unicode": "e6cc",
      "unicode_decimal": 59084
    },
    {
      "icon_id": "795464",
      "name": "设置",
      "font_class": "shezhi",
      "unicode": "e60c",
      "unicode_decimal": 58892
    },
    {
      "icon_id": "4614172",
      "name": "余额",
      "font_class": "yue",
      "unicode": "e65a",
      "unicode_decimal": 58970
    },
    {
      "icon_id": "4619311",
      "name": "微信支付",
      "font_class": "ch24",
      "unicode": "e602",
      "unicode_decimal": 58882
    },
    {
      "icon_id": "5266354",
      "name": "余额",
      "font_class": "yue1",
      "unicode": "e603",
      "unicode_decimal": 58883
    },
    {
      "icon_id": "6681162",
      "name": "支付宝",
      "font_class": "zhifubao",
      "unicode": "e6b7",
      "unicode_decimal": 59063
    },
    {
      "icon_id": "6602714",
      "name": "付款",
      "font_class": "fukuan",
      "unicode": "e656",
      "unicode_decimal": 58966
    },
    {
      "icon_id": "3194765",
      "name": "三角形",
      "font_class": "sanjiaoxing",
      "unicode": "e639",
      "unicode_decimal": 58937
    },
    {
      "icon_id": "258555",
      "name": "编辑",
      "font_class": "tubiao09",
      "unicode": "e609",
      "unicode_decimal": 58889
    },
    {
      "icon_id": "1995791",
      "name": "待发货",
      "font_class": "daifahuo",
      "unicode": "e657",
      "unicode_decimal": 58967
    },
    {
      "icon_id": "3426844",
      "name": "定位",
      "font_class": "location",
      "unicode": "e600",
      "unicode_decimal": 58880
    },
    {
      "icon_id": "4099128",
      "name": "已完成",
      "font_class": "daishouhuo",
      "unicode": "e635",
      "unicode_decimal": 58933
    },
    {
      "icon_id": "4894398",
      "name": "复制",
      "font_class": "fuzhi",
      "unicode": "e692",
      "unicode_decimal": 59026
    },
    {
      "icon_id": "6808631",
      "name": "勾（01）",
      "font_class": "gou01",
      "unicode": "e68f",
      "unicode_decimal": 59023
    },
    {
      "icon_id": "643756",
      "name": "照相机",
      "font_class": "camera",
      "unicode": "e675",
      "unicode_decimal": 58997
    },
    {
      "icon_id": "4671355",
      "name": "勾",
      "font_class": "gou",
      "unicode": "e642",
      "unicode_decimal": 58946
    },
    {
      "icon_id": "2801318",
      "name": "云分销app-69",
      "font_class": "yunfenxiaoapp-",
      "unicode": "e766",
      "unicode_decimal": 59238
    },
    {
      "icon_id": "3643235",
      "name": "积分",
      "font_class": "jifen",
      "unicode": "e632",
      "unicode_decimal": 58930
    },
    {
      "icon_id": "4158979",
      "name": "售后",
      "font_class": "shouhou",
      "unicode": "e619",
      "unicode_decimal": 58905
    },
    {
      "icon_id": "4292069",
      "name": "地址",
      "font_class": "dizhi",
      "unicode": "e601",
      "unicode_decimal": 58881
    },
    {
      "icon_id": "5721112",
      "name": "浏览",
      "font_class": "liulan",
      "unicode": "e62e",
      "unicode_decimal": 58926
    },
    {
      "icon_id": "7543730",
      "name": "ios-checkbox",
      "font_class": "ios-checkbox",
      "unicode": "e754",
      "unicode_decimal": 59220
    },
    {
      "icon_id": "7543731",
      "name": "ios-close-circle-out",
      "font_class": "ios-close-circle-out",
      "unicode": "e755",
      "unicode_decimal": 59221
    },
    {
      "icon_id": "7543732",
      "name": "ios-close",
      "font_class": "ios-close",
      "unicode": "e756",
      "unicode_decimal": 59222
    },
    {
      "icon_id": "7543733",
      "name": "ios-add-circle",
      "font_class": "ios-add-circle",
      "unicode": "e757",
      "unicode_decimal": 59223
    },
    {
      "icon_id": "519409",
      "name": "更多",
      "font_class": "gengduo",
      "unicode": "e60b",
      "unicode_decimal": 58891
    },
    {
      "icon_id": "729524",
      "name": "购物车",
      "font_class": "gouwuche",
      "unicode": "e64c",
      "unicode_decimal": 58956
    },
    {
      "icon_id": "4251719",
      "name": "分享",
      "font_class": "fenxiang",
      "unicode": "e63b",
      "unicode_decimal": 58939
    },
    {
      "icon_id": "6185482",
      "name": "爱心",
      "font_class": "aixin",
      "unicode": "e654",
      "unicode_decimal": 58964
    },
    {
      "icon_id": "700797",
      "name": "列表",
      "font_class": "list2",
      "unicode": "e624",
      "unicode_decimal": 58916
    },
    {
      "icon_id": "720963",
      "name": "搜索",
      "font_class": "search",
      "unicode": "e605",
      "unicode_decimal": 58885
    },
    {
      "icon_id": "1356141",
      "name": "返回",
      "font_class": "back",
      "unicode": "e60f",
      "unicode_decimal": 58895
    },
    {
      "icon_id": "1546614",
      "name": "图片列表",
      "font_class": "list1",
      "unicode": "e69e",
      "unicode_decimal": 59038
    },
    {
      "icon_id": "4933380",
      "name": "删除",
      "font_class": "delete",
      "unicode": "e74c",
      "unicode_decimal": 59212
    }
  ]
}
