{
  "id": "940083",
  "name": "电商后台项目",
  "font_family": "iconfont",
  "css_prefix_text": "icon-",
  "description": "",
  "glyphs": [
    {
      "icon_id": "15360677",
      "name": "Supplier ",
      "font_class": "Supplier",
      "unicode": "e820",
      "unicode_decimal": 59424
    },
    {
      "icon_id": "15360591",
      "name": "Supplier backend",
      "font_class": "gonghuoshang",
      "unicode": "e81f",
      "unicode_decimal": 59423
    },
    {
      "icon_id": "9923296",
      "name": "导入",
      "font_class": "daoru",
      "unicode": "e630",
      "unicode_decimal": 58928
    },
    {
      "icon_id": "14688857",
      "name": "区域代理",
      "font_class": "quyudaili",
      "unicode": "e81d",
      "unicode_decimal": 59421
    },
    {
      "icon_id": "14152785",
      "name": "marketing",
      "font_class": "yingyong2",
      "unicode": "e81c",
      "unicode_decimal": 59420
    },
    {
      "icon_id": "4511924",
      "name": "电池",
      "font_class": "dianchi",
      "unicode": "e818",
      "unicode_decimal": 59416
    },
    {
      "icon_id": "5965521",
      "name": "信号",
      "font_class": "weibiaoti-",
      "unicode": "e819",
      "unicode_decimal": 59417
    },
    {
      "icon_id": "7057563",
      "name": "网络",
      "font_class": "xinhao",
      "unicode": "e81a",
      "unicode_decimal": 59418
    },
    {
      "icon_id": "13950403",
      "name": "小程序",
      "font_class": "xiaochengxu1",
      "unicode": "e81b",
      "unicode_decimal": 59419
    },
    {
      "icon_id": "1719300",
      "name": "营销",
      "font_class": "yingxiao",
      "unicode": "e812",
      "unicode_decimal": 59410
    },
    {
      "icon_id": "11279275",
      "name": "编辑",
      "font_class": "edit1",
      "unicode": "e62a",
      "unicode_decimal": 58922
    },
    {
      "icon_id": "5432257",
      "name": "图片",
      "font_class": "tupian",
      "unicode": "e884",
      "unicode_decimal": 59524
    },
    {
      "icon_id": "11058856",
      "name": "小程序",
      "font_class": "xiaochengxu",
      "unicode": "e811",
      "unicode_decimal": 59409
    },
    {
      "icon_id": "9512653",
      "name": "二维码",
      "font_class": "QRcode",
      "unicode": "e810",
      "unicode_decimal": 59408
    },
    {
      "icon_id": "669789",
      "name": "icon_停止播放语音-01",
      "font_class": "icontingzhibofangyuyin01",
      "unicode": "e80d",
      "unicode_decimal": 59405
    },
    {
      "icon_id": "1247277",
      "name": "直播",
      "font_class": "zhibo",
      "unicode": "e625",
      "unicode_decimal": 58917
    },
    {
      "icon_id": "1912416",
      "name": "话筒",
      "font_class": "voice",
      "unicode": "e626",
      "unicode_decimal": 58918
    },
    {
      "icon_id": "5302351",
      "name": "禁言",
      "font_class": "jinyankai",
      "unicode": "e627",
      "unicode_decimal": 58919
    },
    {
      "icon_id": "6498316",
      "name": "推送",
      "font_class": "tuisong",
      "unicode": "e80e",
      "unicode_decimal": 59406
    },
    {
      "icon_id": "6640491",
      "name": "播放",
      "font_class": "bofang",
      "unicode": "e80f",
      "unicode_decimal": 59407
    },
    {
      "icon_id": "5363760",
      "name": "员工信息",
      "font_class": "staff",
      "unicode": "e797",
      "unicode_decimal": 59287
    },
    {
      "icon_id": "13159424",
      "name": "Advertising screen",
      "font_class": "menchuang-",
      "unicode": "e80c",
      "unicode_decimal": 59404
    },
    {
      "icon_id": "4194149",
      "name": "员工管理",
      "font_class": "yuangongguanli",
      "unicode": "e624",
      "unicode_decimal": 58916
    },
    {
      "icon_id": "11514262",
      "name": "Security-01",
      "font_class": "security",
      "unicode": "e623",
      "unicode_decimal": 58915
    },
    {
      "icon_id": "10369929",
      "name": "md-cangku",
      "font_class": "md-storehouse",
      "unicode": "e804",
      "unicode_decimal": 59396
    },
    {
      "icon_id": "150096",
      "name": "对勾",
      "font_class": "duigou",
      "unicode": "e622",
      "unicode_decimal": 58914
    },
    {
      "icon_id": "7119087",
      "name": "统计",
      "font_class": "tongji",
      "unicode": "e621",
      "unicode_decimal": 58913
    },
    {
      "icon_id": "6816986",
      "name": "团队",
      "font_class": "team-admin",
      "unicode": "e80b",
      "unicode_decimal": 59403
    },
    {
      "icon_id": "1079753",
      "name": "登录",
      "font_class": "denglu",
      "unicode": "e61f",
      "unicode_decimal": 58911
    },
    {
      "icon_id": "6367366",
      "name": "搜索",
      "font_class": "sousuo1",
      "unicode": "e80a",
      "unicode_decimal": 59402
    },
    {
      "icon_id": "3484808",
      "name": "首页",
      "font_class": "shouye1",
      "unicode": "e809",
      "unicode_decimal": 59401
    },
    {
      "icon_id": "6574282",
      "name": "权限",
      "font_class": "quanxian",
      "unicode": "e808",
      "unicode_decimal": 59400
    },
    {
      "icon_id": "7434558",
      "name": "密码",
      "font_class": "mima",
      "unicode": "e807",
      "unicode_decimal": 59399
    },
    {
      "icon_id": "8557814",
      "name": "fengxiao",
      "font_class": "fengxiao1",
      "unicode": "e620",
      "unicode_decimal": 58912
    },
    {
      "icon_id": "729524",
      "name": "购物车",
      "font_class": "gouwuche1",
      "unicode": "e806",
      "unicode_decimal": 59398
    },
    {
      "icon_id": "8527093",
      "name": "kefu",
      "font_class": "kefu",
      "unicode": "e600",
      "unicode_decimal": 58880
    },
    {
      "icon_id": "8527094",
      "name": "gouwudai",
      "font_class": "gouwudai",
      "unicode": "e601",
      "unicode_decimal": 58881
    },
    {
      "icon_id": "8527095",
      "name": "shoucang",
      "font_class": "shoucang",
      "unicode": "e602",
      "unicode_decimal": 58882
    },
    {
      "icon_id": "8527096",
      "name": "liulan",
      "font_class": "liulan",
      "unicode": "e603",
      "unicode_decimal": 58883
    },
    {
      "icon_id": "8527097",
      "name": "shezhi",
      "font_class": "shezhi",
      "unicode": "e604",
      "unicode_decimal": 58884
    },
    {
      "icon_id": "8527098",
      "name": "shouhou",
      "font_class": "shouhou",
      "unicode": "e605",
      "unicode_decimal": 58885
    },
    {
      "icon_id": "8527099",
      "name": "gouwuche",
      "font_class": "gouwuche",
      "unicode": "e606",
      "unicode_decimal": 58886
    },
    {
      "icon_id": "8527100",
      "name": "sousuo",
      "font_class": "sousuo",
      "unicode": "e607",
      "unicode_decimal": 58887
    },
    {
      "icon_id": "8527101",
      "name": "shouji",
      "font_class": "shouji",
      "unicode": "e609",
      "unicode_decimal": 58889
    },
    {
      "icon_id": "8527102",
      "name": "shouye",
      "font_class": "shouye",
      "unicode": "e60a",
      "unicode_decimal": 58890
    },
    {
      "icon_id": "8527103",
      "name": "yiwancheng1",
      "font_class": "yiwancheng",
      "unicode": "e60c",
      "unicode_decimal": 58892
    },
    {
      "icon_id": "8527104",
      "name": "wiefukuan",
      "font_class": "wiefukuan",
      "unicode": "e60d",
      "unicode_decimal": 58893
    },
    {
      "icon_id": "8527105",
      "name": "wode",
      "font_class": "wode",
      "unicode": "e60f",
      "unicode_decimal": 58895
    },
    {
      "icon_id": "8527106",
      "name": "yiwancheng2",
      "font_class": "yiwancheng1",
      "unicode": "e610",
      "unicode_decimal": 58896
    },
    {
      "icon_id": "8527107",
      "name": "xinwen",
      "font_class": "xinwen",
      "unicode": "e611",
      "unicode_decimal": 58897
    },
    {
      "icon_id": "8527108",
      "name": "youhuiquan",
      "font_class": "youhuiquan",
      "unicode": "e612",
      "unicode_decimal": 58898
    },
    {
      "icon_id": "8527109",
      "name": "yue",
      "font_class": "yue",
      "unicode": "e613",
      "unicode_decimal": 58899
    },
    {
      "icon_id": "8527110",
      "name": "biaoqian",
      "font_class": "biaoqian",
      "unicode": "e614",
      "unicode_decimal": 58900
    },
    {
      "icon_id": "8527111",
      "name": "chanpin",
      "font_class": "chanpin",
      "unicode": "e615",
      "unicode_decimal": 58901
    },
    {
      "icon_id": "8527112",
      "name": "daifahuo",
      "font_class": "daifahuo",
      "unicode": "e616",
      "unicode_decimal": 58902
    },
    {
      "icon_id": "8527113",
      "name": "daohang",
      "font_class": "daohang",
      "unicode": "e617",
      "unicode_decimal": 58903
    },
    {
      "icon_id": "8527114",
      "name": "dianpu",
      "font_class": "dianpu",
      "unicode": "e618",
      "unicode_decimal": 58904
    },
    {
      "icon_id": "8527115",
      "name": "fanhui",
      "font_class": "fanhui",
      "unicode": "e619",
      "unicode_decimal": 58905
    },
    {
      "icon_id": "8527116",
      "name": "fenlei2",
      "font_class": "fenlei",
      "unicode": "e61a",
      "unicode_decimal": 58906
    },
    {
      "icon_id": "8527117",
      "name": "faxian",
      "font_class": "faxian",
      "unicode": "e61c",
      "unicode_decimal": 58908
    },
    {
      "icon_id": "8527118",
      "name": "fenlei1",
      "font_class": "fenlei1",
      "unicode": "e61d",
      "unicode_decimal": 58909
    },
    {
      "icon_id": "8527119",
      "name": "fenxiang",
      "font_class": "fenxiang",
      "unicode": "e61e",
      "unicode_decimal": 58910
    },
    {
      "icon_id": "7183182",
      "name": "链接",
      "font_class": "lianjie",
      "unicode": "e81e",
      "unicode_decimal": 59422
    },
    {
      "icon_id": "1260302",
      "name": "锁",
      "font_class": "suo",
      "unicode": "e61b",
      "unicode_decimal": 58907
    },
    {
      "icon_id": "223691",
      "name": "抢",
      "font_class": "qiang",
      "unicode": "e814",
      "unicode_decimal": 59412
    },
    {
      "icon_id": "1662383",
      "name": "疯抢爆款",
      "font_class": "fengqiangbaokuan",
      "unicode": "e60e",
      "unicode_decimal": 58894
    },
    {
      "icon_id": "3823187",
      "name": "上升",
      "font_class": "Shape",
      "unicode": "e815",
      "unicode_decimal": 59413
    },
    {
      "icon_id": "4628466",
      "name": "渠道管理",
      "font_class": "qudaoguanli",
      "unicode": "e816",
      "unicode_decimal": 59414
    },
    {
      "icon_id": "519409",
      "name": "更多",
      "font_class": "gengduo",
      "unicode": "e60b",
      "unicode_decimal": 58891
    },
    {
      "icon_id": "6220444",
      "name": "编辑",
      "font_class": "edit",
      "unicode": "e608",
      "unicode_decimal": 58888
    },
    {
      "icon_id": "7550767",
      "name": "classify",
      "font_class": "classify",
      "unicode": "e805",
      "unicode_decimal": 59397
    },
    {
      "icon_id": "6971907",
      "name": "m-menu",
      "font_class": "m-menu",
      "unicode": "e803",
      "unicode_decimal": 59395
    },
    {
      "icon_id": "6960090",
      "name": "ios-flag",
      "font_class": "ios-flag",
      "unicode": "e6a4",
      "unicode_decimal": 59044
    },
    {
      "icon_id": "6960474",
      "name": "md-finger-print",
      "font_class": "md-finger-print",
      "unicode": "e7a4",
      "unicode_decimal": 59300
    },
    {
      "icon_id": "6960091",
      "name": "ios-fitness",
      "font_class": "ios-fitness",
      "unicode": "e6a5",
      "unicode_decimal": 59045
    },
    {
      "icon_id": "6960483",
      "name": "md-gift",
      "font_class": "md-gift",
      "unicode": "e7a5",
      "unicode_decimal": 59301
    },
    {
      "icon_id": "6960092",
      "name": "ios-flame",
      "font_class": "ios-flame",
      "unicode": "e6a6",
      "unicode_decimal": 59046
    },
    {
      "icon_id": "6960487",
      "name": "md-funnel",
      "font_class": "md-funnel",
      "unicode": "e7a6",
      "unicode_decimal": 59302
    },
    {
      "icon_id": "6960093",
      "name": "ios-film",
      "font_class": "ios-film",
      "unicode": "e6a7",
      "unicode_decimal": 59047
    },
    {
      "icon_id": "6960492",
      "name": "md-grid",
      "font_class": "md-grid",
      "unicode": "e7a7",
      "unicode_decimal": 59303
    },
    {
      "icon_id": "6960094",
      "name": "ios-flash-off",
      "font_class": "ios-flash-off",
      "unicode": "e6a8",
      "unicode_decimal": 59048
    },
    {
      "icon_id": "6960494",
      "name": "md-happy",
      "font_class": "md-happy",
      "unicode": "e7a8",
      "unicode_decimal": 59304
    },
    {
      "icon_id": "6960095",
      "name": "ios-flash",
      "font_class": "ios-flash",
      "unicode": "e6a9",
      "unicode_decimal": 59049
    },
    {
      "icon_id": "6960498",
      "name": "md-heart-dislike",
      "font_class": "md-heart-dislike",
      "unicode": "e7a9",
      "unicode_decimal": 59305
    },
    {
      "icon_id": "6960096",
      "name": "ios-flask",
      "font_class": "ios-flask",
      "unicode": "e6aa",
      "unicode_decimal": 59050
    },
    {
      "icon_id": "6960499",
      "name": "md-heart",
      "font_class": "md-heart",
      "unicode": "e7aa",
      "unicode_decimal": 59306
    },
    {
      "icon_id": "6960097",
      "name": "ios-folder-open",
      "font_class": "ios-folder-open",
      "unicode": "e6ab",
      "unicode_decimal": 59051
    },
    {
      "icon_id": "6960500",
      "name": "md-heart-empty",
      "font_class": "md-heart-empty",
      "unicode": "e7ab",
      "unicode_decimal": 59307
    },
    {
      "icon_id": "6960098",
      "name": "ios-finger-print",
      "font_class": "ios-finger-print",
      "unicode": "e6ac",
      "unicode_decimal": 59052
    },
    {
      "icon_id": "6960502",
      "name": "md-help-circle-outli",
      "font_class": "md-help-circle-outli",
      "unicode": "e7ac",
      "unicode_decimal": 59308
    },
    {
      "icon_id": "6960099",
      "name": "ios-folder",
      "font_class": "ios-folder",
      "unicode": "e6ad",
      "unicode_decimal": 59053
    },
    {
      "icon_id": "6960503",
      "name": "md-help-circle",
      "font_class": "md-help-circle",
      "unicode": "e7ad",
      "unicode_decimal": 59309
    },
    {
      "icon_id": "6960100",
      "name": "ios-flashlight",
      "font_class": "ios-flashlight",
      "unicode": "e6ae",
      "unicode_decimal": 59054
    },
    {
      "icon_id": "6960505",
      "name": "md-home",
      "font_class": "md-home",
      "unicode": "e7ae",
      "unicode_decimal": 59310
    },
    {
      "icon_id": "6960101",
      "name": "ios-flower",
      "font_class": "ios-flower",
      "unicode": "e6af",
      "unicode_decimal": 59055
    },
    {
      "icon_id": "6960509",
      "name": "md-information-circl",
      "font_class": "md-information-circl",
      "unicode": "e7af",
      "unicode_decimal": 59311
    },
    {
      "icon_id": "6960102",
      "name": "ios-football",
      "font_class": "ios-football",
      "unicode": "e6b0",
      "unicode_decimal": 59056
    },
    {
      "icon_id": "6960510",
      "name": "md-ice-cream",
      "font_class": "md-ice-cream",
      "unicode": "e7b0",
      "unicode_decimal": 59312
    },
    {
      "icon_id": "6960103",
      "name": "ios-funnel",
      "font_class": "ios-funnel",
      "unicode": "e6b1",
      "unicode_decimal": 59057
    },
    {
      "icon_id": "6960511",
      "name": "md-information-circl",
      "font_class": "md-information-circl1",
      "unicode": "e7b1",
      "unicode_decimal": 59313
    },
    {
      "icon_id": "6960104",
      "name": "ios-git-commit",
      "font_class": "ios-git-commit",
      "unicode": "e6b2",
      "unicode_decimal": 59058
    },
    {
      "icon_id": "6960512",
      "name": "md-images",
      "font_class": "md-images",
      "unicode": "e7b2",
      "unicode_decimal": 59314
    },
    {
      "icon_id": "6960105",
      "name": "ios-gift",
      "font_class": "ios-gift",
      "unicode": "e6b3",
      "unicode_decimal": 59059
    },
    {
      "icon_id": "6960513",
      "name": "md-image",
      "font_class": "md-image",
      "unicode": "e7b3",
      "unicode_decimal": 59315
    },
    {
      "icon_id": "6960106",
      "name": "ios-git-branch",
      "font_class": "ios-git-branch",
      "unicode": "e6b4",
      "unicode_decimal": 59060
    },
    {
      "icon_id": "6960516",
      "name": "md-laptop",
      "font_class": "md-laptop",
      "unicode": "e7b4",
      "unicode_decimal": 59316
    },
    {
      "icon_id": "6960107",
      "name": "ios-git-merge",
      "font_class": "ios-git-merge",
      "unicode": "e6b5",
      "unicode_decimal": 59061
    },
    {
      "icon_id": "6960517",
      "name": "md-journal",
      "font_class": "md-journal",
      "unicode": "e7b5",
      "unicode_decimal": 59317
    },
    {
      "icon_id": "6960108",
      "name": "ios-git-compare",
      "font_class": "ios-git-compare",
      "unicode": "e6b6",
      "unicode_decimal": 59062
    },
    {
      "icon_id": "6960518",
      "name": "md-keypad",
      "font_class": "md-keypad",
      "unicode": "e7b6",
      "unicode_decimal": 59318
    },
    {
      "icon_id": "6960111",
      "name": "ios-happy",
      "font_class": "ios-happy",
      "unicode": "e6b7",
      "unicode_decimal": 59063
    },
    {
      "icon_id": "6960521",
      "name": "md-list",
      "font_class": "md-list",
      "unicode": "e7b7",
      "unicode_decimal": 59319
    },
    {
      "icon_id": "6960117",
      "name": "ios-heart-empty",
      "font_class": "ios-heart-empty",
      "unicode": "e6b8",
      "unicode_decimal": 59064
    },
    {
      "icon_id": "6960522",
      "name": "md-list-box",
      "font_class": "md-list-box",
      "unicode": "e7b8",
      "unicode_decimal": 59320
    },
    {
      "icon_id": "6960118",
      "name": "ios-heart-half",
      "font_class": "ios-heart-half",
      "unicode": "e6b9",
      "unicode_decimal": 59065
    },
    {
      "icon_id": "6960523",
      "name": "md-locate",
      "font_class": "md-locate",
      "unicode": "e7b9",
      "unicode_decimal": 59321
    },
    {
      "icon_id": "6960119",
      "name": "ios-headset",
      "font_class": "ios-headset",
      "unicode": "e6ba",
      "unicode_decimal": 59066
    },
    {
      "icon_id": "6960525",
      "name": "md-lock",
      "font_class": "md-lock",
      "unicode": "e7ba",
      "unicode_decimal": 59322
    },
    {
      "icon_id": "6960120",
      "name": "ios-glasses",
      "font_class": "ios-glasses",
      "unicode": "e6bb",
      "unicode_decimal": 59067
    },
    {
      "icon_id": "6960526",
      "name": "md-mail-open",
      "font_class": "md-mail-open",
      "unicode": "e7bb",
      "unicode_decimal": 59323
    },
    {
      "icon_id": "6960121",
      "name": "ios-help-circle",
      "font_class": "ios-help-circle",
      "unicode": "e6bc",
      "unicode_decimal": 59068
    },
    {
      "icon_id": "6960527",
      "name": "md-log-in",
      "font_class": "md-log-in",
      "unicode": "e7bc",
      "unicode_decimal": 59324
    },
    {
      "icon_id": "6960122",
      "name": "ios-help",
      "font_class": "ios-help",
      "unicode": "e6bd",
      "unicode_decimal": 59069
    },
    {
      "icon_id": "6960529",
      "name": "md-log-out",
      "font_class": "md-log-out",
      "unicode": "e7bd",
      "unicode_decimal": 59325
    },
    {
      "icon_id": "6960123",
      "name": "ios-help-circle-outl",
      "font_class": "ios-help-circle-outl",
      "unicode": "e6be",
      "unicode_decimal": 59070
    },
    {
      "icon_id": "6960530",
      "name": "md-mail-unread",
      "font_class": "md-mail-unread",
      "unicode": "e7be",
      "unicode_decimal": 59326
    },
    {
      "icon_id": "6960124",
      "name": "ios-help-buoy",
      "font_class": "ios-help-buoy",
      "unicode": "e6bf",
      "unicode_decimal": 59071
    },
    {
      "icon_id": "6960531",
      "name": "md-mail",
      "font_class": "md-mail",
      "unicode": "e7bf",
      "unicode_decimal": 59327
    },
    {
      "icon_id": "6960127",
      "name": "ios-image",
      "font_class": "ios-image",
      "unicode": "e6c0",
      "unicode_decimal": 59072
    },
    {
      "icon_id": "6960532",
      "name": "md-male",
      "font_class": "md-male",
      "unicode": "e7c0",
      "unicode_decimal": 59328
    },
    {
      "icon_id": "6960128",
      "name": "ios-images",
      "font_class": "ios-images",
      "unicode": "e6c1",
      "unicode_decimal": 59073
    },
    {
      "icon_id": "6960536",
      "name": "md-medkit",
      "font_class": "md-medkit",
      "unicode": "e7c1",
      "unicode_decimal": 59329
    },
    {
      "icon_id": "6960129",
      "name": "ios-home",
      "font_class": "ios-home",
      "unicode": "e6c2",
      "unicode_decimal": 59074
    },
    {
      "icon_id": "6960537",
      "name": "md-man",
      "font_class": "md-man",
      "unicode": "e7c2",
      "unicode_decimal": 59330
    },
    {
      "icon_id": "6960131",
      "name": "ios-infinite",
      "font_class": "ios-infinite",
      "unicode": "e6c3",
      "unicode_decimal": 59075
    },
    {
      "icon_id": "6960539",
      "name": "md-menu",
      "font_class": "md-menu",
      "unicode": "e7c3",
      "unicode_decimal": 59331
    },
    {
      "icon_id": "6960132",
      "name": "ios-information-circ",
      "font_class": "ios-information-circ",
      "unicode": "e6c4",
      "unicode_decimal": 59076
    },
    {
      "icon_id": "6960544",
      "name": "md-more",
      "font_class": "md-more",
      "unicode": "e7c4",
      "unicode_decimal": 59332
    },
    {
      "icon_id": "6960133",
      "name": "ios-information",
      "font_class": "ios-information",
      "unicode": "e6c5",
      "unicode_decimal": 59077
    },
    {
      "icon_id": "6960549",
      "name": "md-notifications-out",
      "font_class": "md-notifications-out",
      "unicode": "e7c5",
      "unicode_decimal": 59333
    },
    {
      "icon_id": "6960134",
      "name": "ios-information-circ",
      "font_class": "ios-information-circ1",
      "unicode": "e6c6",
      "unicode_decimal": 59078
    },
    {
      "icon_id": "6960551",
      "name": "md-nutrition",
      "font_class": "md-nutrition",
      "unicode": "e7c6",
      "unicode_decimal": 59334
    },
    {
      "icon_id": "6960136",
      "name": "ios-journal",
      "font_class": "ios-journal",
      "unicode": "e6c7",
      "unicode_decimal": 59079
    },
    {
      "icon_id": "6960552",
      "name": "md-open",
      "font_class": "md-open",
      "unicode": "e7c7",
      "unicode_decimal": 59335
    },
    {
      "icon_id": "6960137",
      "name": "ios-heart",
      "font_class": "ios-heart",
      "unicode": "e6c8",
      "unicode_decimal": 59080
    },
    {
      "icon_id": "6960553",
      "name": "md-options",
      "font_class": "md-options",
      "unicode": "e7c8",
      "unicode_decimal": 59336
    },
    {
      "icon_id": "6960138",
      "name": "ios-key",
      "font_class": "ios-key",
      "unicode": "e6c9",
      "unicode_decimal": 59081
    },
    {
      "icon_id": "6960554",
      "name": "md-notifications-off",
      "font_class": "md-notifications-off",
      "unicode": "e7c9",
      "unicode_decimal": 59337
    },
    {
      "icon_id": "6960139",
      "name": "ios-laptop",
      "font_class": "ios-laptop",
      "unicode": "e6ca",
      "unicode_decimal": 59082
    },
    {
      "icon_id": "6960556",
      "name": "md-notifications",
      "font_class": "md-notifications",
      "unicode": "e7ca",
      "unicode_decimal": 59338
    },
    {
      "icon_id": "6960140",
      "name": "ios-keypad",
      "font_class": "ios-keypad",
      "unicode": "e6cb",
      "unicode_decimal": 59083
    },
    {
      "icon_id": "6960558",
      "name": "md-paper",
      "font_class": "md-paper",
      "unicode": "e7cb",
      "unicode_decimal": 59339
    },
    {
      "icon_id": "6960142",
      "name": "ios-list",
      "font_class": "ios-list",
      "unicode": "e6cc",
      "unicode_decimal": 59084
    },
    {
      "icon_id": "6960559",
      "name": "md-pause",
      "font_class": "md-pause",
      "unicode": "e7cc",
      "unicode_decimal": 59340
    },
    {
      "icon_id": "6960143",
      "name": "ios-locate",
      "font_class": "ios-locate",
      "unicode": "e6cd",
      "unicode_decimal": 59085
    },
    {
      "icon_id": "6960560",
      "name": "md-partly-sunny",
      "font_class": "md-partly-sunny",
      "unicode": "e7cd",
      "unicode_decimal": 59341
    },
    {
      "icon_id": "6960144",
      "name": "ios-list-box",
      "font_class": "ios-list-box",
      "unicode": "e6ce",
      "unicode_decimal": 59086
    },
    {
      "icon_id": "6960561",
      "name": "md-people",
      "font_class": "md-people",
      "unicode": "e7ce",
      "unicode_decimal": 59342
    },
    {
      "icon_id": "6960145",
      "name": "ios-link",
      "font_class": "ios-link",
      "unicode": "e6cf",
      "unicode_decimal": 59087
    },
    {
      "icon_id": "6960562",
      "name": "md-person-add",
      "font_class": "md-person-add",
      "unicode": "e7cf",
      "unicode_decimal": 59343
    },
    {
      "icon_id": "6960146",
      "name": "ios-lock",
      "font_class": "ios-lock",
      "unicode": "e6d0",
      "unicode_decimal": 59088
    },
    {
      "icon_id": "6960564",
      "name": "md-person",
      "font_class": "md-person",
      "unicode": "e7d0",
      "unicode_decimal": 59344
    },
    {
      "icon_id": "6960147",
      "name": "ios-log-in",
      "font_class": "ios-log-in",
      "unicode": "e6d1",
      "unicode_decimal": 59089
    },
    {
      "icon_id": "6960565",
      "name": "md-phone-landscape",
      "font_class": "md-phone-landscape",
      "unicode": "e7d1",
      "unicode_decimal": 59345
    },
    {
      "icon_id": "6960148",
      "name": "ios-mail-open",
      "font_class": "ios-mail-open",
      "unicode": "e6d2",
      "unicode_decimal": 59090
    },
    {
      "icon_id": "6960566",
      "name": "md-pie",
      "font_class": "md-pie",
      "unicode": "e7d2",
      "unicode_decimal": 59346
    },
    {
      "icon_id": "6960149",
      "name": "ios-magnet",
      "font_class": "ios-magnet",
      "unicode": "e6d3",
      "unicode_decimal": 59091
    },
    {
      "icon_id": "6960567",
      "name": "md-phone-portrait",
      "font_class": "md-phone-portrait",
      "unicode": "e7d3",
      "unicode_decimal": 59347
    },
    {
      "icon_id": "6960150",
      "name": "ios-mail",
      "font_class": "ios-mail",
      "unicode": "e6d4",
      "unicode_decimal": 59092
    },
    {
      "icon_id": "6960568",
      "name": "md-photos",
      "font_class": "md-photos",
      "unicode": "e7d4",
      "unicode_decimal": 59348
    },
    {
      "icon_id": "6960151",
      "name": "ios-mail-unread",
      "font_class": "ios-mail-unread",
      "unicode": "e6d5",
      "unicode_decimal": 59093
    },
    {
      "icon_id": "6960569",
      "name": "md-pin",
      "font_class": "md-pin",
      "unicode": "e7d5",
      "unicode_decimal": 59349
    },
    {
      "icon_id": "6960152",
      "name": "ios-male",
      "font_class": "ios-male",
      "unicode": "e6d6",
      "unicode_decimal": 59094
    },
    {
      "icon_id": "6960570",
      "name": "md-pint",
      "font_class": "md-pint",
      "unicode": "e7d6",
      "unicode_decimal": 59350
    },
    {
      "icon_id": "6960153",
      "name": "ios-log-out",
      "font_class": "ios-log-out",
      "unicode": "e6d7",
      "unicode_decimal": 59095
    },
    {
      "icon_id": "6960572",
      "name": "md-pizza",
      "font_class": "md-pizza",
      "unicode": "e7d7",
      "unicode_decimal": 59351
    },
    {
      "icon_id": "6960154",
      "name": "ios-man",
      "font_class": "ios-man",
      "unicode": "e6d8",
      "unicode_decimal": 59096
    },
    {
      "icon_id": "6960573",
      "name": "md-play",
      "font_class": "md-play",
      "unicode": "e7d8",
      "unicode_decimal": 59352
    },
    {
      "icon_id": "6960155",
      "name": "ios-map",
      "font_class": "ios-map",
      "unicode": "e6d9",
      "unicode_decimal": 59097
    },
    {
      "icon_id": "6960574",
      "name": "md-planet",
      "font_class": "md-planet",
      "unicode": "e7d9",
      "unicode_decimal": 59353
    },
    {
      "icon_id": "6960156",
      "name": "ios-medical",
      "font_class": "ios-medical",
      "unicode": "e6da",
      "unicode_decimal": 59098
    },
    {
      "icon_id": "6960575",
      "name": "md-podium",
      "font_class": "md-podium",
      "unicode": "e7da",
      "unicode_decimal": 59354
    },
    {
      "icon_id": "6960157",
      "name": "ios-medkit",
      "font_class": "ios-medkit",
      "unicode": "e6db",
      "unicode_decimal": 59099
    },
    {
      "icon_id": "6960576",
      "name": "md-play-circle",
      "font_class": "md-play-circle",
      "unicode": "e7db",
      "unicode_decimal": 59355
    },
    {
      "icon_id": "6960158",
      "name": "ios-mic-off",
      "font_class": "ios-mic-off",
      "unicode": "e6dc",
      "unicode_decimal": 59100
    },
    {
      "icon_id": "6960577",
      "name": "md-power",
      "font_class": "md-power",
      "unicode": "e7dc",
      "unicode_decimal": 59356
    },
    {
      "icon_id": "6960159",
      "name": "ios-menu",
      "font_class": "ios-menu",
      "unicode": "e6dd",
      "unicode_decimal": 59101
    },
    {
      "icon_id": "6960579",
      "name": "md-pricetag",
      "font_class": "md-pricetag",
      "unicode": "e7dd",
      "unicode_decimal": 59357
    },
    {
      "icon_id": "6960160",
      "name": "ios-medal",
      "font_class": "ios-medal",
      "unicode": "e6de",
      "unicode_decimal": 59102
    },
    {
      "icon_id": "6960580",
      "name": "md-print",
      "font_class": "md-print",
      "unicode": "e7de",
      "unicode_decimal": 59358
    },
    {
      "icon_id": "6960161",
      "name": "ios-megaphone",
      "font_class": "ios-megaphone",
      "unicode": "e6df",
      "unicode_decimal": 59103
    },
    {
      "icon_id": "6960581",
      "name": "md-qr-scanner",
      "font_class": "md-qr-scanner",
      "unicode": "e7df",
      "unicode_decimal": 59359
    },
    {
      "icon_id": "6960162",
      "name": "ios-more",
      "font_class": "ios-more",
      "unicode": "e6e0",
      "unicode_decimal": 59104
    },
    {
      "icon_id": "6960582",
      "name": "md-pricetags",
      "font_class": "md-pricetags",
      "unicode": "e7e0",
      "unicode_decimal": 59360
    },
    {
      "icon_id": "6960165",
      "name": "ios-move",
      "font_class": "ios-move",
      "unicode": "e6e1",
      "unicode_decimal": 59105
    },
    {
      "icon_id": "6960584",
      "name": "md-radio-button-off",
      "font_class": "md-radio-button-off",
      "unicode": "e7e1",
      "unicode_decimal": 59361
    },
    {
      "icon_id": "6960168",
      "name": "ios-musical-notes",
      "font_class": "ios-musical-notes",
      "unicode": "e6e2",
      "unicode_decimal": 59106
    },
    {
      "icon_id": "6960585",
      "name": "md-radio-button-on",
      "font_class": "md-radio-button-on",
      "unicode": "e7e2",
      "unicode_decimal": 59362
    },
    {
      "icon_id": "6960169",
      "name": "ios-navigate",
      "font_class": "ios-navigate",
      "unicode": "e6e3",
      "unicode_decimal": 59107
    },
    {
      "icon_id": "6960589",
      "name": "md-refresh-circle",
      "font_class": "md-refresh-circle",
      "unicode": "e7e3",
      "unicode_decimal": 59363
    },
    {
      "icon_id": "6960170",
      "name": "ios-notifications-of",
      "font_class": "ios-notifications-of",
      "unicode": "e6e4",
      "unicode_decimal": 59108
    },
    {
      "icon_id": "6960590",
      "name": "md-refresh",
      "font_class": "md-refresh",
      "unicode": "e7e4",
      "unicode_decimal": 59364
    },
    {
      "icon_id": "6960171",
      "name": "ios-notifications",
      "font_class": "ios-notifications",
      "unicode": "e6e5",
      "unicode_decimal": 59109
    },
    {
      "icon_id": "6960591",
      "name": "md-remove-circle-out",
      "font_class": "md-remove-circle-out",
      "unicode": "e7e5",
      "unicode_decimal": 59365
    },
    {
      "icon_id": "6960172",
      "name": "ios-notifications-ou",
      "font_class": "ios-notifications-ou",
      "unicode": "e6e6",
      "unicode_decimal": 59110
    },
    {
      "icon_id": "6960592",
      "name": "md-reorder",
      "font_class": "md-reorder",
      "unicode": "e7e6",
      "unicode_decimal": 59366
    },
    {
      "icon_id": "6960175",
      "name": "ios-open",
      "font_class": "ios-open",
      "unicode": "e6e7",
      "unicode_decimal": 59111
    },
    {
      "icon_id": "6960593",
      "name": "md-remove",
      "font_class": "md-remove",
      "unicode": "e7e7",
      "unicode_decimal": 59367
    },
    {
      "icon_id": "6960176",
      "name": "ios-options",
      "font_class": "ios-options",
      "unicode": "e6e8",
      "unicode_decimal": 59112
    },
    {
      "icon_id": "6960594",
      "name": "md-remove-circle",
      "font_class": "md-remove-circle",
      "unicode": "e7e8",
      "unicode_decimal": 59368
    },
    {
      "icon_id": "6960177",
      "name": "ios-outlet",
      "font_class": "ios-outlet",
      "unicode": "e6e9",
      "unicode_decimal": 59113
    },
    {
      "icon_id": "6960600",
      "name": "md-reverse-camera",
      "font_class": "md-reverse-camera",
      "unicode": "e7e9",
      "unicode_decimal": 59369
    },
    {
      "icon_id": "6960178",
      "name": "ios-paper-plane",
      "font_class": "ios-paper-plane",
      "unicode": "e6ea",
      "unicode_decimal": 59114
    },
    {
      "icon_id": "6960601",
      "name": "md-rewind",
      "font_class": "md-rewind",
      "unicode": "e7ea",
      "unicode_decimal": 59370
    },
    {
      "icon_id": "6960179",
      "name": "ios-pause",
      "font_class": "ios-pause",
      "unicode": "e6eb",
      "unicode_decimal": 59115
    },
    {
      "icon_id": "6960603",
      "name": "md-redo",
      "font_class": "md-redo",
      "unicode": "e7eb",
      "unicode_decimal": 59371
    },
    {
      "icon_id": "6960180",
      "name": "ios-paper",
      "font_class": "ios-paper",
      "unicode": "e6ec",
      "unicode_decimal": 59116
    },
    {
      "icon_id": "6960604",
      "name": "md-sad",
      "font_class": "md-sad",
      "unicode": "e7ec",
      "unicode_decimal": 59372
    },
    {
      "icon_id": "6960182",
      "name": "ios-paw",
      "font_class": "ios-paw",
      "unicode": "e6ed",
      "unicode_decimal": 59117
    },
    {
      "icon_id": "6960605",
      "name": "md-rocket",
      "font_class": "md-rocket",
      "unicode": "e7ed",
      "unicode_decimal": 59373
    },
    {
      "icon_id": "6960183",
      "name": "ios-people",
      "font_class": "ios-people",
      "unicode": "e6ee",
      "unicode_decimal": 59118
    },
    {
      "icon_id": "6960606",
      "name": "md-ribbon",
      "font_class": "md-ribbon",
      "unicode": "e7ee",
      "unicode_decimal": 59374
    },
    {
      "icon_id": "6960184",
      "name": "ios-photos",
      "font_class": "ios-photos",
      "unicode": "e6ef",
      "unicode_decimal": 59119
    },
    {
      "icon_id": "6960607",
      "name": "md-save",
      "font_class": "md-save",
      "unicode": "e7ef",
      "unicode_decimal": 59375
    },
    {
      "icon_id": "6960185",
      "name": "ios-phone-portrait",
      "font_class": "ios-phone-portrait",
      "unicode": "e6f0",
      "unicode_decimal": 59120
    },
    {
      "icon_id": "6960608",
      "name": "md-school",
      "font_class": "md-school",
      "unicode": "e7f0",
      "unicode_decimal": 59376
    },
    {
      "icon_id": "6960186",
      "name": "ios-phone-landscape",
      "font_class": "ios-phone-landscape",
      "unicode": "e6f1",
      "unicode_decimal": 59121
    },
    {
      "icon_id": "6960609",
      "name": "md-share-alt",
      "font_class": "md-share-alt",
      "unicode": "e7f1",
      "unicode_decimal": 59377
    },
    {
      "icon_id": "6960187",
      "name": "ios-person",
      "font_class": "ios-person",
      "unicode": "e6f2",
      "unicode_decimal": 59122
    },
    {
      "icon_id": "6960610",
      "name": "md-search",
      "font_class": "md-search",
      "unicode": "e7f2",
      "unicode_decimal": 59378
    },
    {
      "icon_id": "6960190",
      "name": "ios-pin",
      "font_class": "ios-pin",
      "unicode": "e6f3",
      "unicode_decimal": 59123
    },
    {
      "icon_id": "6960613",
      "name": "md-shirt",
      "font_class": "md-shirt",
      "unicode": "e7f3",
      "unicode_decimal": 59379
    },
    {
      "icon_id": "6960192",
      "name": "ios-person-add",
      "font_class": "ios-person-add",
      "unicode": "e6f4",
      "unicode_decimal": 59124
    },
    {
      "icon_id": "6960615",
      "name": "md-skip-backward",
      "font_class": "md-skip-backward",
      "unicode": "e7f4",
      "unicode_decimal": 59380
    },
    {
      "icon_id": "6960193",
      "name": "ios-play-circle",
      "font_class": "ios-play-circle",
      "unicode": "e6f5",
      "unicode_decimal": 59125
    },
    {
      "icon_id": "6960618",
      "name": "md-settings",
      "font_class": "md-settings",
      "unicode": "e7f5",
      "unicode_decimal": 59381
    },
    {
      "icon_id": "6960194",
      "name": "ios-pie",
      "font_class": "ios-pie",
      "unicode": "e6f6",
      "unicode_decimal": 59126
    },
    {
      "icon_id": "6960619",
      "name": "md-square-outline",
      "font_class": "md-square-outline",
      "unicode": "e7f6",
      "unicode_decimal": 59382
    },
    {
      "icon_id": "6960195",
      "name": "ios-play",
      "font_class": "ios-play",
      "unicode": "e6f7",
      "unicode_decimal": 59127
    },
    {
      "icon_id": "6960620",
      "name": "md-square",
      "font_class": "md-square",
      "unicode": "e7f7",
      "unicode_decimal": 59383
    },
    {
      "icon_id": "6960196",
      "name": "ios-podium",
      "font_class": "ios-podium",
      "unicode": "e6f8",
      "unicode_decimal": 59128
    },
    {
      "icon_id": "6960624",
      "name": "md-stats",
      "font_class": "md-stats",
      "unicode": "e7f8",
      "unicode_decimal": 59384
    },
    {
      "icon_id": "6960197",
      "name": "ios-power",
      "font_class": "ios-power",
      "unicode": "e6f9",
      "unicode_decimal": 59129
    },
    {
      "icon_id": "6960631",
      "name": "md-tablet-landscape",
      "font_class": "md-tablet-landscape",
      "unicode": "e7f9",
      "unicode_decimal": 59385
    },
    {
      "icon_id": "6960198",
      "name": "ios-pricetag",
      "font_class": "ios-pricetag",
      "unicode": "e6fa",
      "unicode_decimal": 59130
    },
    {
      "icon_id": "6960632",
      "name": "md-tablet-portrait",
      "font_class": "md-tablet-portrait",
      "unicode": "e7fa",
      "unicode_decimal": 59386
    },
    {
      "icon_id": "6960199",
      "name": "ios-pricetags",
      "font_class": "ios-pricetags",
      "unicode": "e6fb",
      "unicode_decimal": 59131
    },
    {
      "icon_id": "6960634",
      "name": "md-text",
      "font_class": "md-text",
      "unicode": "e7fb",
      "unicode_decimal": 59387
    },
    {
      "icon_id": "6960200",
      "name": "ios-print",
      "font_class": "ios-print",
      "unicode": "e6fc",
      "unicode_decimal": 59132
    },
    {
      "icon_id": "6960635",
      "name": "md-thumbs-down",
      "font_class": "md-thumbs-down",
      "unicode": "e7fc",
      "unicode_decimal": 59388
    },
    {
      "icon_id": "6960201",
      "name": "ios-pulse",
      "font_class": "ios-pulse",
      "unicode": "e6fd",
      "unicode_decimal": 59133
    },
    {
      "icon_id": "6960637",
      "name": "md-thumbs-up",
      "font_class": "md-thumbs-up",
      "unicode": "e7fd",
      "unicode_decimal": 59389
    },
    {
      "icon_id": "6960203",
      "name": "ios-qr-scanner",
      "font_class": "ios-qr-scanner",
      "unicode": "e6fe",
      "unicode_decimal": 59134
    },
    {
      "icon_id": "6960638",
      "name": "md-sync",
      "font_class": "md-sync",
      "unicode": "e7fe",
      "unicode_decimal": 59390
    },
    {
      "icon_id": "6960204",
      "name": "ios-radio-button-off",
      "font_class": "ios-radio-button-off",
      "unicode": "e6ff",
      "unicode_decimal": 59135
    },
    {
      "icon_id": "6960640",
      "name": "md-time",
      "font_class": "md-time",
      "unicode": "e7ff",
      "unicode_decimal": 59391
    },
    {
      "icon_id": "6960205",
      "name": "ios-radio-button-on",
      "font_class": "ios-radio-button-on",
      "unicode": "e700",
      "unicode_decimal": 59136
    },
    {
      "icon_id": "6960645",
      "name": "md-trash",
      "font_class": "md-trash",
      "unicode": "e800",
      "unicode_decimal": 59392
    },
    {
      "icon_id": "6960207",
      "name": "ios-redo",
      "font_class": "ios-redo",
      "unicode": "e701",
      "unicode_decimal": 59137
    },
    {
      "icon_id": "6960648",
      "name": "md-tv",
      "font_class": "md-tv",
      "unicode": "e801",
      "unicode_decimal": 59393
    },
    {
      "icon_id": "6960208",
      "name": "ios-refresh-circle",
      "font_class": "ios-refresh-circle",
      "unicode": "e702",
      "unicode_decimal": 59138
    },
    {
      "icon_id": "6960652",
      "name": "md-volume-high",
      "font_class": "md-volume-high",
      "unicode": "e802",
      "unicode_decimal": 59394
    },
    {
      "icon_id": "6960211",
      "name": "ios-refresh",
      "font_class": "ios-refresh",
      "unicode": "e703",
      "unicode_decimal": 59139
    },
    {
      "icon_id": "6960212",
      "name": "ios-remove-circle-ou",
      "font_class": "ios-remove-circle-ou",
      "unicode": "e704",
      "unicode_decimal": 59140
    },
    {
      "icon_id": "6960213",
      "name": "ios-remove-circle",
      "font_class": "ios-remove-circle",
      "unicode": "e705",
      "unicode_decimal": 59141
    },
    {
      "icon_id": "6960214",
      "name": "ios-remove",
      "font_class": "ios-remove",
      "unicode": "e706",
      "unicode_decimal": 59142
    },
    {
      "icon_id": "6960215",
      "name": "ios-reorder",
      "font_class": "ios-reorder",
      "unicode": "e707",
      "unicode_decimal": 59143
    },
    {
      "icon_id": "6960216",
      "name": "ios-repeat",
      "font_class": "ios-repeat",
      "unicode": "e708",
      "unicode_decimal": 59144
    },
    {
      "icon_id": "6960217",
      "name": "ios-resize",
      "font_class": "ios-resize",
      "unicode": "e709",
      "unicode_decimal": 59145
    },
    {
      "icon_id": "6960218",
      "name": "ios-restaurant",
      "font_class": "ios-restaurant",
      "unicode": "e70a",
      "unicode_decimal": 59146
    },
    {
      "icon_id": "6960219",
      "name": "ios-rewind",
      "font_class": "ios-rewind",
      "unicode": "e70b",
      "unicode_decimal": 59147
    },
    {
      "icon_id": "6960220",
      "name": "ios-return-right",
      "font_class": "ios-return-right",
      "unicode": "e70c",
      "unicode_decimal": 59148
    },
    {
      "icon_id": "6960221",
      "name": "ios-return-left",
      "font_class": "ios-return-left",
      "unicode": "e70d",
      "unicode_decimal": 59149
    },
    {
      "icon_id": "6960222",
      "name": "ios-rocket",
      "font_class": "ios-rocket",
      "unicode": "e70e",
      "unicode_decimal": 59150
    },
    {
      "icon_id": "6960223",
      "name": "ios-reverse-camera",
      "font_class": "ios-reverse-camera",
      "unicode": "e70f",
      "unicode_decimal": 59151
    },
    {
      "icon_id": "6960225",
      "name": "ios-sad",
      "font_class": "ios-sad",
      "unicode": "e710",
      "unicode_decimal": 59152
    },
    {
      "icon_id": "6960226",
      "name": "ios-save",
      "font_class": "ios-save",
      "unicode": "e711",
      "unicode_decimal": 59153
    },
    {
      "icon_id": "6960228",
      "name": "ios-search",
      "font_class": "ios-search",
      "unicode": "e712",
      "unicode_decimal": 59154
    },
    {
      "icon_id": "6960229",
      "name": "ios-ribbon",
      "font_class": "ios-ribbon",
      "unicode": "e713",
      "unicode_decimal": 59155
    },
    {
      "icon_id": "6960231",
      "name": "ios-settings",
      "font_class": "ios-settings",
      "unicode": "e714",
      "unicode_decimal": 59156
    },
    {
      "icon_id": "6960232",
      "name": "ios-share-alt",
      "font_class": "ios-share-alt",
      "unicode": "e715",
      "unicode_decimal": 59157
    },
    {
      "icon_id": "6960233",
      "name": "ios-share",
      "font_class": "ios-share",
      "unicode": "e716",
      "unicode_decimal": 59158
    },
    {
      "icon_id": "6960235",
      "name": "ios-shirt",
      "font_class": "ios-shirt",
      "unicode": "e717",
      "unicode_decimal": 59159
    },
    {
      "icon_id": "6960237",
      "name": "ios-shuffle",
      "font_class": "ios-shuffle",
      "unicode": "e718",
      "unicode_decimal": 59160
    },
    {
      "icon_id": "6960239",
      "name": "ios-star-outline",
      "font_class": "ios-star-outline",
      "unicode": "e719",
      "unicode_decimal": 59161
    },
    {
      "icon_id": "6960240",
      "name": "ios-star",
      "font_class": "ios-star",
      "unicode": "e71a",
      "unicode_decimal": 59162
    },
    {
      "icon_id": "6960242",
      "name": "ios-square",
      "font_class": "ios-square",
      "unicode": "e71b",
      "unicode_decimal": 59163
    },
    {
      "icon_id": "6960245",
      "name": "ios-stats",
      "font_class": "ios-stats",
      "unicode": "e71c",
      "unicode_decimal": 59164
    },
    {
      "icon_id": "6960248",
      "name": "ios-swap",
      "font_class": "ios-swap",
      "unicode": "e71d",
      "unicode_decimal": 59165
    },
    {
      "icon_id": "6960249",
      "name": "ios-sync",
      "font_class": "ios-sync",
      "unicode": "e71e",
      "unicode_decimal": 59166
    },
    {
      "icon_id": "6960251",
      "name": "ios-tablet-portrait",
      "font_class": "ios-tablet-portrait",
      "unicode": "e71f",
      "unicode_decimal": 59167
    },
    {
      "icon_id": "6960253",
      "name": "ios-tablet-landscape",
      "font_class": "ios-tablet-landscape",
      "unicode": "e720",
      "unicode_decimal": 59168
    },
    {
      "icon_id": "6960254",
      "name": "ios-text",
      "font_class": "ios-text",
      "unicode": "e721",
      "unicode_decimal": 59169
    },
    {
      "icon_id": "6960256",
      "name": "ios-square-outline",
      "font_class": "ios-square-outline",
      "unicode": "e722",
      "unicode_decimal": 59170
    },
    {
      "icon_id": "6960257",
      "name": "ios-time",
      "font_class": "ios-time",
      "unicode": "e723",
      "unicode_decimal": 59171
    },
    {
      "icon_id": "6960258",
      "name": "ios-thumbs-down",
      "font_class": "ios-thumbs-down",
      "unicode": "e724",
      "unicode_decimal": 59172
    },
    {
      "icon_id": "6960260",
      "name": "ios-thumbs-up",
      "font_class": "ios-thumbs-up",
      "unicode": "e725",
      "unicode_decimal": 59173
    },
    {
      "icon_id": "6960262",
      "name": "ios-today",
      "font_class": "ios-today",
      "unicode": "e726",
      "unicode_decimal": 59174
    },
    {
      "icon_id": "6959937",
      "name": "ios-add",
      "font_class": "ios-add",
      "unicode": "e813",
      "unicode_decimal": 59411
    },
    {
      "icon_id": "6960263",
      "name": "ios-train",
      "font_class": "ios-train",
      "unicode": "e727",
      "unicode_decimal": 59175
    },
    {
      "icon_id": "6959938",
      "name": "ios-add-circle",
      "font_class": "ios-add-circle",
      "unicode": "e628",
      "unicode_decimal": 58920
    },
    {
      "icon_id": "6960267",
      "name": "ios-trash",
      "font_class": "ios-trash",
      "unicode": "e728",
      "unicode_decimal": 59176
    },
    {
      "icon_id": "6959939",
      "name": "ios-add-circle-outli",
      "font_class": "ios-add-circle-outli",
      "unicode": "e629",
      "unicode_decimal": 58921
    },
    {
      "icon_id": "6960268",
      "name": "ios-umbrella",
      "font_class": "ios-umbrella",
      "unicode": "e729",
      "unicode_decimal": 59177
    },
    {
      "icon_id": "6960269",
      "name": "ios-tv",
      "font_class": "ios-tv",
      "unicode": "e72a",
      "unicode_decimal": 59178
    },
    {
      "icon_id": "6959969",
      "name": "ios-albums",
      "font_class": "ios-albums",
      "unicode": "e62b",
      "unicode_decimal": 58923
    },
    {
      "icon_id": "6960270",
      "name": "ios-trophy",
      "font_class": "ios-trophy",
      "unicode": "e72b",
      "unicode_decimal": 59179
    },
    {
      "icon_id": "6959970",
      "name": "ios-add-circle",
      "font_class": "ios-add-circle1",
      "unicode": "e62c",
      "unicode_decimal": 58924
    },
    {
      "icon_id": "6960272",
      "name": "ios-videocam",
      "font_class": "ios-videocam",
      "unicode": "e72c",
      "unicode_decimal": 59180
    },
    {
      "icon_id": "6959971",
      "name": "ios-alarm",
      "font_class": "ios-alarm",
      "unicode": "e62d",
      "unicode_decimal": 58925
    },
    {
      "icon_id": "6960273",
      "name": "ios-unlock",
      "font_class": "ios-unlock",
      "unicode": "e72d",
      "unicode_decimal": 59181
    },
    {
      "icon_id": "6959972",
      "name": "ios-airplane",
      "font_class": "ios-airplane",
      "unicode": "e62e",
      "unicode_decimal": 58926
    },
    {
      "icon_id": "6960274",
      "name": "ios-volume-mute",
      "font_class": "ios-volume-mute",
      "unicode": "e72e",
      "unicode_decimal": 59182
    },
    {
      "icon_id": "6959973",
      "name": "ios-alert",
      "font_class": "ios-alert",
      "unicode": "e62f",
      "unicode_decimal": 58927
    },
    {
      "icon_id": "6960275",
      "name": "ios-volume-low",
      "font_class": "ios-volume-low",
      "unicode": "e72f",
      "unicode_decimal": 59183
    },
    {
      "icon_id": "6960276",
      "name": "ios-volume-high",
      "font_class": "ios-volume-high",
      "unicode": "e730",
      "unicode_decimal": 59184
    },
    {
      "icon_id": "6959975",
      "name": "ios-analytics",
      "font_class": "ios-analytics",
      "unicode": "e631",
      "unicode_decimal": 58929
    },
    {
      "icon_id": "6960277",
      "name": "ios-volume-off",
      "font_class": "ios-volume-off",
      "unicode": "e731",
      "unicode_decimal": 59185
    },
    {
      "icon_id": "6959976",
      "name": "ios-apps",
      "font_class": "ios-apps",
      "unicode": "e632",
      "unicode_decimal": 58930
    },
    {
      "icon_id": "6960279",
      "name": "ios-wallet",
      "font_class": "ios-wallet",
      "unicode": "e732",
      "unicode_decimal": 59186
    },
    {
      "icon_id": "6959977",
      "name": "ios-american-footbal",
      "font_class": "ios-american-footbal",
      "unicode": "e633",
      "unicode_decimal": 58931
    },
    {
      "icon_id": "6960280",
      "name": "ios-warning",
      "font_class": "ios-warning",
      "unicode": "e733",
      "unicode_decimal": 59187
    },
    {
      "icon_id": "6959978",
      "name": "ios-aperture",
      "font_class": "ios-aperture",
      "unicode": "e634",
      "unicode_decimal": 58932
    },
    {
      "icon_id": "6960282",
      "name": "ios-wifi",
      "font_class": "ios-wifi",
      "unicode": "e734",
      "unicode_decimal": 59188
    },
    {
      "icon_id": "6959979",
      "name": "ios-appstore",
      "font_class": "ios-appstore",
      "unicode": "e635",
      "unicode_decimal": 58933
    },
    {
      "icon_id": "6960291",
      "name": "logo-buffer",
      "font_class": "logo-buffer",
      "unicode": "e735",
      "unicode_decimal": 59189
    },
    {
      "icon_id": "6959980",
      "name": "ios-arrow-back",
      "font_class": "ios-arrow-back",
      "unicode": "e636",
      "unicode_decimal": 58934
    },
    {
      "icon_id": "6960310",
      "name": "logo-instagram",
      "font_class": "logo-instagram",
      "unicode": "e736",
      "unicode_decimal": 59190
    },
    {
      "icon_id": "6959981",
      "name": "ios-archive",
      "font_class": "ios-archive",
      "unicode": "e637",
      "unicode_decimal": 58935
    },
    {
      "icon_id": "6960311",
      "name": "logo-ionic",
      "font_class": "logo-ionic",
      "unicode": "e737",
      "unicode_decimal": 59191
    },
    {
      "icon_id": "6959982",
      "name": "ios-arrow-down",
      "font_class": "ios-arrow-down",
      "unicode": "e638",
      "unicode_decimal": 58936
    },
    {
      "icon_id": "6960323",
      "name": "logo-html5",
      "font_class": "logo-html",
      "unicode": "e738",
      "unicode_decimal": 59192
    },
    {
      "icon_id": "6959983",
      "name": "ios-arrow-dropdown-c",
      "font_class": "ios-arrow-dropdown-c",
      "unicode": "e639",
      "unicode_decimal": 58937
    },
    {
      "icon_id": "6960341",
      "name": "logo-whatsapp",
      "font_class": "logo-whatsapp",
      "unicode": "e739",
      "unicode_decimal": 59193
    },
    {
      "icon_id": "6959984",
      "name": "ios-arrow-dropdown",
      "font_class": "ios-arrow-dropdown",
      "unicode": "e63a",
      "unicode_decimal": 58938
    },
    {
      "icon_id": "6960346",
      "name": "logo-yen",
      "font_class": "logo-yen",
      "unicode": "e73a",
      "unicode_decimal": 59194
    },
    {
      "icon_id": "6959985",
      "name": "ios-arrow-dropright-",
      "font_class": "ios-arrow-dropright-",
      "unicode": "e63b",
      "unicode_decimal": 58939
    },
    {
      "icon_id": "6960347",
      "name": "md-add-circle",
      "font_class": "md-add-circle",
      "unicode": "e73b",
      "unicode_decimal": 59195
    },
    {
      "icon_id": "6959986",
      "name": "ios-arrow-dropleft",
      "font_class": "ios-arrow-dropleft",
      "unicode": "e63c",
      "unicode_decimal": 58940
    },
    {
      "icon_id": "6960348",
      "name": "logo-youtube",
      "font_class": "logo-youtube",
      "unicode": "e73c",
      "unicode_decimal": 59196
    },
    {
      "icon_id": "6959987",
      "name": "ios-arrow-dropleft-c",
      "font_class": "ios-arrow-dropleft-c",
      "unicode": "e63d",
      "unicode_decimal": 58941
    },
    {
      "icon_id": "6960349",
      "name": "md-add-circle-outlin",
      "font_class": "md-add-circle-outlin",
      "unicode": "e73d",
      "unicode_decimal": 59197
    },
    {
      "icon_id": "6959988",
      "name": "ios-arrow-dropup-cir",
      "font_class": "ios-arrow-dropup-cir",
      "unicode": "e63e",
      "unicode_decimal": 58942
    },
    {
      "icon_id": "6960350",
      "name": "md-add",
      "font_class": "md-add",
      "unicode": "e73e",
      "unicode_decimal": 59198
    },
    {
      "icon_id": "6959989",
      "name": "ios-arrow-dropright",
      "font_class": "ios-arrow-dropright",
      "unicode": "e63f",
      "unicode_decimal": 58943
    },
    {
      "icon_id": "6960351",
      "name": "md-airplane",
      "font_class": "md-airplane",
      "unicode": "e73f",
      "unicode_decimal": 59199
    },
    {
      "icon_id": "6959990",
      "name": "ios-arrow-forward",
      "font_class": "ios-arrow-forward",
      "unicode": "e640",
      "unicode_decimal": 58944
    },
    {
      "icon_id": "6960352",
      "name": "md-alert",
      "font_class": "md-alert",
      "unicode": "e740",
      "unicode_decimal": 59200
    },
    {
      "icon_id": "6959991",
      "name": "ios-arrow-round-down",
      "font_class": "ios-arrow-round-down",
      "unicode": "e641",
      "unicode_decimal": 58945
    },
    {
      "icon_id": "6960353",
      "name": "md-albums",
      "font_class": "md-albums",
      "unicode": "e741",
      "unicode_decimal": 59201
    },
    {
      "icon_id": "6959992",
      "name": "ios-arrow-dropup",
      "font_class": "ios-arrow-dropup",
      "unicode": "e642",
      "unicode_decimal": 58946
    },
    {
      "icon_id": "6960354",
      "name": "md-alarm",
      "font_class": "md-alarm",
      "unicode": "e742",
      "unicode_decimal": 59202
    },
    {
      "icon_id": "6959993",
      "name": "ios-arrow-round-back",
      "font_class": "ios-arrow-round-back",
      "unicode": "e643",
      "unicode_decimal": 58947
    },
    {
      "icon_id": "6960356",
      "name": "md-analytics",
      "font_class": "md-analytics",
      "unicode": "e743",
      "unicode_decimal": 59203
    },
    {
      "icon_id": "6959994",
      "name": "ios-arrow-round-forw",
      "font_class": "ios-arrow-round-forw",
      "unicode": "e644",
      "unicode_decimal": 58948
    },
    {
      "icon_id": "6960357",
      "name": "md-aperture",
      "font_class": "md-aperture",
      "unicode": "e744",
      "unicode_decimal": 59204
    },
    {
      "icon_id": "6959995",
      "name": "ios-arrow-round-up",
      "font_class": "ios-arrow-round-up",
      "unicode": "e645",
      "unicode_decimal": 58949
    },
    {
      "icon_id": "6960358",
      "name": "md-appstore",
      "font_class": "md-appstore",
      "unicode": "e745",
      "unicode_decimal": 59205
    },
    {
      "icon_id": "6959996",
      "name": "ios-arrow-up",
      "font_class": "ios-arrow-up",
      "unicode": "e646",
      "unicode_decimal": 58950
    },
    {
      "icon_id": "6960359",
      "name": "md-apps",
      "font_class": "md-apps",
      "unicode": "e746",
      "unicode_decimal": 59206
    },
    {
      "icon_id": "6959997",
      "name": "ios-backspace",
      "font_class": "ios-backspace",
      "unicode": "e647",
      "unicode_decimal": 58951
    },
    {
      "icon_id": "6960360",
      "name": "md-archive",
      "font_class": "md-archive",
      "unicode": "e747",
      "unicode_decimal": 59207
    },
    {
      "icon_id": "6959998",
      "name": "ios-attach",
      "font_class": "ios-attach",
      "unicode": "e648",
      "unicode_decimal": 58952
    },
    {
      "icon_id": "6960361",
      "name": "md-arrow-dropdown-ci",
      "font_class": "md-arrow-dropdown-ci",
      "unicode": "e748",
      "unicode_decimal": 59208
    },
    {
      "icon_id": "6959999",
      "name": "ios-at",
      "font_class": "ios-at",
      "unicode": "e649",
      "unicode_decimal": 58953
    },
    {
      "icon_id": "6960362",
      "name": "md-arrow-dropdown",
      "font_class": "md-arrow-dropdown",
      "unicode": "e749",
      "unicode_decimal": 59209
    },
    {
      "icon_id": "6960000",
      "name": "ios-battery-dead",
      "font_class": "ios-battery-dead",
      "unicode": "e64a",
      "unicode_decimal": 58954
    },
    {
      "icon_id": "6960363",
      "name": "md-arrow-dropleft-ci",
      "font_class": "md-arrow-dropleft-ci",
      "unicode": "e74a",
      "unicode_decimal": 59210
    },
    {
      "icon_id": "6960001",
      "name": "ios-battery-charging",
      "font_class": "ios-battery-charging",
      "unicode": "e64b",
      "unicode_decimal": 58955
    },
    {
      "icon_id": "6960364",
      "name": "md-arrow-back",
      "font_class": "md-arrow-back",
      "unicode": "e74b",
      "unicode_decimal": 59211
    },
    {
      "icon_id": "6960002",
      "name": "ios-basket",
      "font_class": "ios-basket",
      "unicode": "e64c",
      "unicode_decimal": 58956
    },
    {
      "icon_id": "6960365",
      "name": "md-arrow-dropleft",
      "font_class": "md-arrow-dropleft",
      "unicode": "e74c",
      "unicode_decimal": 59212
    },
    {
      "icon_id": "6960003",
      "name": "ios-barcode",
      "font_class": "ios-barcode",
      "unicode": "e64d",
      "unicode_decimal": 58957
    },
    {
      "icon_id": "6960366",
      "name": "md-arrow-down",
      "font_class": "md-arrow-down",
      "unicode": "e74d",
      "unicode_decimal": 59213
    },
    {
      "icon_id": "6960004",
      "name": "ios-basketball",
      "font_class": "ios-basketball",
      "unicode": "e64e",
      "unicode_decimal": 58958
    },
    {
      "icon_id": "6960367",
      "name": "md-arrow-dropright",
      "font_class": "md-arrow-dropright",
      "unicode": "e74e",
      "unicode_decimal": 59214
    },
    {
      "icon_id": "6960005",
      "name": "ios-beaker",
      "font_class": "ios-beaker",
      "unicode": "e64f",
      "unicode_decimal": 58959
    },
    {
      "icon_id": "6960368",
      "name": "md-arrow-dropright-c",
      "font_class": "md-arrow-dropright-c",
      "unicode": "e74f",
      "unicode_decimal": 59215
    },
    {
      "icon_id": "6960006",
      "name": "ios-baseball",
      "font_class": "ios-baseball",
      "unicode": "e650",
      "unicode_decimal": 58960
    },
    {
      "icon_id": "6960369",
      "name": "md-arrow-dropup-circ",
      "font_class": "md-arrow-dropup-circ",
      "unicode": "e750",
      "unicode_decimal": 59216
    },
    {
      "icon_id": "6960007",
      "name": "ios-bed",
      "font_class": "ios-bed",
      "unicode": "e651",
      "unicode_decimal": 58961
    },
    {
      "icon_id": "6960370",
      "name": "md-arrow-dropup",
      "font_class": "md-arrow-dropup",
      "unicode": "e751",
      "unicode_decimal": 59217
    },
    {
      "icon_id": "6960008",
      "name": "ios-beer",
      "font_class": "ios-beer",
      "unicode": "e652",
      "unicode_decimal": 58962
    },
    {
      "icon_id": "6960371",
      "name": "md-arrow-forward",
      "font_class": "md-arrow-forward",
      "unicode": "e752",
      "unicode_decimal": 59218
    },
    {
      "icon_id": "6960009",
      "name": "ios-bicycle",
      "font_class": "ios-bicycle",
      "unicode": "e653",
      "unicode_decimal": 58963
    },
    {
      "icon_id": "6960372",
      "name": "md-arrow-round-back",
      "font_class": "md-arrow-round-back",
      "unicode": "e753",
      "unicode_decimal": 59219
    },
    {
      "icon_id": "6960010",
      "name": "ios-bluetooth",
      "font_class": "ios-bluetooth",
      "unicode": "e654",
      "unicode_decimal": 58964
    },
    {
      "icon_id": "6960373",
      "name": "md-arrow-round-up",
      "font_class": "md-arrow-round-up",
      "unicode": "e754",
      "unicode_decimal": 59220
    },
    {
      "icon_id": "6960011",
      "name": "ios-body",
      "font_class": "ios-body",
      "unicode": "e655",
      "unicode_decimal": 58965
    },
    {
      "icon_id": "6960374",
      "name": "md-arrow-round-down",
      "font_class": "md-arrow-round-down",
      "unicode": "e755",
      "unicode_decimal": 59221
    },
    {
      "icon_id": "6960012",
      "name": "ios-bonfire",
      "font_class": "ios-bonfire",
      "unicode": "e656",
      "unicode_decimal": 58966
    },
    {
      "icon_id": "6960375",
      "name": "md-arrow-up",
      "font_class": "md-arrow-up",
      "unicode": "e756",
      "unicode_decimal": 59222
    },
    {
      "icon_id": "6960013",
      "name": "ios-book",
      "font_class": "ios-book",
      "unicode": "e657",
      "unicode_decimal": 58967
    },
    {
      "icon_id": "6960376",
      "name": "md-arrow-round-forwa",
      "font_class": "md-arrow-round-forwa",
      "unicode": "e757",
      "unicode_decimal": 59223
    },
    {
      "icon_id": "6960014",
      "name": "ios-battery-full",
      "font_class": "ios-battery-full",
      "unicode": "e658",
      "unicode_decimal": 58968
    },
    {
      "icon_id": "6960377",
      "name": "md-at",
      "font_class": "md-at",
      "unicode": "e758",
      "unicode_decimal": 59224
    },
    {
      "icon_id": "6960015",
      "name": "ios-bookmark",
      "font_class": "ios-bookmark",
      "unicode": "e659",
      "unicode_decimal": 58969
    },
    {
      "icon_id": "6960379",
      "name": "md-attach",
      "font_class": "md-attach",
      "unicode": "e759",
      "unicode_decimal": 59225
    },
    {
      "icon_id": "6960016",
      "name": "ios-boat",
      "font_class": "ios-boat",
      "unicode": "e65a",
      "unicode_decimal": 58970
    },
    {
      "icon_id": "6960380",
      "name": "md-backspace",
      "font_class": "md-backspace",
      "unicode": "e75a",
      "unicode_decimal": 59226
    },
    {
      "icon_id": "6960017",
      "name": "ios-bowtie",
      "font_class": "ios-bowtie",
      "unicode": "e65b",
      "unicode_decimal": 58971
    },
    {
      "icon_id": "6960381",
      "name": "md-basket",
      "font_class": "md-basket",
      "unicode": "e75b",
      "unicode_decimal": 59227
    },
    {
      "icon_id": "6960018",
      "name": "ios-brush",
      "font_class": "ios-brush",
      "unicode": "e65c",
      "unicode_decimal": 58972
    },
    {
      "icon_id": "6960384",
      "name": "md-battery-full",
      "font_class": "md-battery-full",
      "unicode": "e75c",
      "unicode_decimal": 59228
    },
    {
      "icon_id": "6960019",
      "name": "ios-browsers",
      "font_class": "ios-browsers",
      "unicode": "e65d",
      "unicode_decimal": 58973
    },
    {
      "icon_id": "6960385",
      "name": "md-battery-charging",
      "font_class": "md-battery-charging",
      "unicode": "e75d",
      "unicode_decimal": 59229
    },
    {
      "icon_id": "6960020",
      "name": "ios-briefcase",
      "font_class": "ios-briefcase",
      "unicode": "e65e",
      "unicode_decimal": 58974
    },
    {
      "icon_id": "6960386",
      "name": "md-beaker",
      "font_class": "md-beaker",
      "unicode": "e75e",
      "unicode_decimal": 59230
    },
    {
      "icon_id": "6960021",
      "name": "ios-build",
      "font_class": "ios-build",
      "unicode": "e65f",
      "unicode_decimal": 58975
    },
    {
      "icon_id": "6960387",
      "name": "md-beer",
      "font_class": "md-beer",
      "unicode": "e75f",
      "unicode_decimal": 59231
    },
    {
      "icon_id": "6960022",
      "name": "ios-bulb",
      "font_class": "ios-bulb",
      "unicode": "e660",
      "unicode_decimal": 58976
    },
    {
      "icon_id": "6960388",
      "name": "md-battery-dead",
      "font_class": "md-battery-dead",
      "unicode": "e760",
      "unicode_decimal": 59232
    },
    {
      "icon_id": "6960023",
      "name": "ios-bus",
      "font_class": "ios-bus",
      "unicode": "e661",
      "unicode_decimal": 58977
    },
    {
      "icon_id": "6960389",
      "name": "md-bluetooth",
      "font_class": "md-bluetooth",
      "unicode": "e761",
      "unicode_decimal": 59233
    },
    {
      "icon_id": "6960024",
      "name": "ios-business",
      "font_class": "ios-business",
      "unicode": "e662",
      "unicode_decimal": 58978
    },
    {
      "icon_id": "6960392",
      "name": "md-book",
      "font_class": "md-book",
      "unicode": "e762",
      "unicode_decimal": 59234
    },
    {
      "icon_id": "6960025",
      "name": "ios-bug",
      "font_class": "ios-bug",
      "unicode": "e663",
      "unicode_decimal": 58979
    },
    {
      "icon_id": "6960394",
      "name": "md-bed",
      "font_class": "md-bed",
      "unicode": "e763",
      "unicode_decimal": 59235
    },
    {
      "icon_id": "6960026",
      "name": "ios-call",
      "font_class": "ios-call",
      "unicode": "e664",
      "unicode_decimal": 58980
    },
    {
      "icon_id": "6960395",
      "name": "md-boat",
      "font_class": "md-boat",
      "unicode": "e764",
      "unicode_decimal": 59236
    },
    {
      "icon_id": "6960027",
      "name": "ios-calendar",
      "font_class": "ios-calendar",
      "unicode": "e665",
      "unicode_decimal": 58981
    },
    {
      "icon_id": "6960396",
      "name": "md-bookmark",
      "font_class": "md-bookmark",
      "unicode": "e765",
      "unicode_decimal": 59237
    },
    {
      "icon_id": "6960028",
      "name": "ios-bookmarks",
      "font_class": "ios-bookmarks",
      "unicode": "e666",
      "unicode_decimal": 58982
    },
    {
      "icon_id": "6960397",
      "name": "md-bookmarks",
      "font_class": "md-bookmarks",
      "unicode": "e766",
      "unicode_decimal": 59238
    },
    {
      "icon_id": "6960029",
      "name": "ios-calculator",
      "font_class": "ios-calculator",
      "unicode": "e667",
      "unicode_decimal": 58983
    },
    {
      "icon_id": "6960398",
      "name": "md-briefcase",
      "font_class": "md-briefcase",
      "unicode": "e767",
      "unicode_decimal": 59239
    },
    {
      "icon_id": "6960030",
      "name": "ios-camera",
      "font_class": "ios-camera",
      "unicode": "e668",
      "unicode_decimal": 58984
    },
    {
      "icon_id": "6960400",
      "name": "md-browsers",
      "font_class": "md-browsers",
      "unicode": "e768",
      "unicode_decimal": 59240
    },
    {
      "icon_id": "6960031",
      "name": "ios-cafe",
      "font_class": "ios-cafe",
      "unicode": "e669",
      "unicode_decimal": 58985
    },
    {
      "icon_id": "6960401",
      "name": "md-brush",
      "font_class": "md-brush",
      "unicode": "e769",
      "unicode_decimal": 59241
    },
    {
      "icon_id": "6960032",
      "name": "ios-cart",
      "font_class": "ios-cart",
      "unicode": "e66a",
      "unicode_decimal": 58986
    },
    {
      "icon_id": "6960403",
      "name": "md-build",
      "font_class": "md-build",
      "unicode": "e76a",
      "unicode_decimal": 59242
    },
    {
      "icon_id": "6960033",
      "name": "ios-chatboxes",
      "font_class": "ios-chatboxes",
      "unicode": "e66b",
      "unicode_decimal": 58987
    },
    {
      "icon_id": "6960404",
      "name": "md-bulb",
      "font_class": "md-bulb",
      "unicode": "e76b",
      "unicode_decimal": 59243
    },
    {
      "icon_id": "6960034",
      "name": "ios-cellular",
      "font_class": "ios-cellular",
      "unicode": "e66c",
      "unicode_decimal": 58988
    },
    {
      "icon_id": "6960405",
      "name": "md-bus",
      "font_class": "md-bus",
      "unicode": "e76c",
      "unicode_decimal": 59244
    },
    {
      "icon_id": "6960035",
      "name": "ios-card",
      "font_class": "ios-card",
      "unicode": "e66d",
      "unicode_decimal": 58989
    },
    {
      "icon_id": "6960406",
      "name": "md-calculator",
      "font_class": "md-calculator",
      "unicode": "e76d",
      "unicode_decimal": 59245
    },
    {
      "icon_id": "6960036",
      "name": "ios-cash",
      "font_class": "ios-cash",
      "unicode": "e66e",
      "unicode_decimal": 58990
    },
    {
      "icon_id": "6960407",
      "name": "md-cafe",
      "font_class": "md-cafe",
      "unicode": "e76e",
      "unicode_decimal": 59246
    },
    {
      "icon_id": "6960037",
      "name": "ios-car",
      "font_class": "ios-car",
      "unicode": "e66f",
      "unicode_decimal": 58991
    },
    {
      "icon_id": "6960408",
      "name": "md-calendar",
      "font_class": "md-calendar",
      "unicode": "e76f",
      "unicode_decimal": 59247
    },
    {
      "icon_id": "6960038",
      "name": "ios-chatbubbles",
      "font_class": "ios-chatbubbles",
      "unicode": "e670",
      "unicode_decimal": 58992
    },
    {
      "icon_id": "6960409",
      "name": "md-call",
      "font_class": "md-call",
      "unicode": "e770",
      "unicode_decimal": 59248
    },
    {
      "icon_id": "6960039",
      "name": "ios-checkbox",
      "font_class": "ios-checkbox",
      "unicode": "e671",
      "unicode_decimal": 58993
    },
    {
      "icon_id": "6960410",
      "name": "md-business",
      "font_class": "md-business",
      "unicode": "e771",
      "unicode_decimal": 59249
    },
    {
      "icon_id": "6960040",
      "name": "ios-checkmark-circle",
      "font_class": "ios-checkmark-circle",
      "unicode": "e672",
      "unicode_decimal": 58994
    },
    {
      "icon_id": "6960411",
      "name": "md-camera",
      "font_class": "md-camera",
      "unicode": "e772",
      "unicode_decimal": 59250
    },
    {
      "icon_id": "6960041",
      "name": "ios-checkbox-outline",
      "font_class": "ios-checkbox-outline",
      "unicode": "e673",
      "unicode_decimal": 58995
    },
    {
      "icon_id": "6960412",
      "name": "md-car",
      "font_class": "md-car",
      "unicode": "e773",
      "unicode_decimal": 59251
    },
    {
      "icon_id": "6960042",
      "name": "ios-checkmark-circle",
      "font_class": "ios-checkmark-circle1",
      "unicode": "e674",
      "unicode_decimal": 58996
    },
    {
      "icon_id": "6960413",
      "name": "md-card",
      "font_class": "md-card",
      "unicode": "e774",
      "unicode_decimal": 59252
    },
    {
      "icon_id": "6960043",
      "name": "ios-checkmark",
      "font_class": "ios-checkmark",
      "unicode": "e675",
      "unicode_decimal": 58997
    },
    {
      "icon_id": "6960414",
      "name": "md-cart",
      "font_class": "md-cart",
      "unicode": "e775",
      "unicode_decimal": 59253
    },
    {
      "icon_id": "6960044",
      "name": "ios-close-circle-out",
      "font_class": "ios-close-circle-out",
      "unicode": "e676",
      "unicode_decimal": 58998
    },
    {
      "icon_id": "6960415",
      "name": "md-cash",
      "font_class": "md-cash",
      "unicode": "e776",
      "unicode_decimal": 59254
    },
    {
      "icon_id": "6960045",
      "name": "ios-close",
      "font_class": "ios-close",
      "unicode": "e677",
      "unicode_decimal": 58999
    },
    {
      "icon_id": "6960416",
      "name": "md-cellular",
      "font_class": "md-cellular",
      "unicode": "e777",
      "unicode_decimal": 59255
    },
    {
      "icon_id": "6960046",
      "name": "ios-cloud-circle",
      "font_class": "ios-cloud-circle",
      "unicode": "e678",
      "unicode_decimal": 59000
    },
    {
      "icon_id": "6960417",
      "name": "md-chatboxes",
      "font_class": "md-chatboxes",
      "unicode": "e778",
      "unicode_decimal": 59256
    },
    {
      "icon_id": "6960047",
      "name": "ios-close-circle",
      "font_class": "ios-close-circle",
      "unicode": "e679",
      "unicode_decimal": 59001
    },
    {
      "icon_id": "6960418",
      "name": "md-chatbubbles",
      "font_class": "md-chatbubbles",
      "unicode": "e779",
      "unicode_decimal": 59257
    },
    {
      "icon_id": "6960048",
      "name": "ios-clipboard",
      "font_class": "ios-clipboard",
      "unicode": "e67a",
      "unicode_decimal": 59002
    },
    {
      "icon_id": "6960419",
      "name": "md-checkbox-outline",
      "font_class": "md-checkbox-outline",
      "unicode": "e77a",
      "unicode_decimal": 59258
    },
    {
      "icon_id": "6960049",
      "name": "ios-clock",
      "font_class": "ios-clock",
      "unicode": "e67b",
      "unicode_decimal": 59003
    },
    {
      "icon_id": "6960420",
      "name": "md-checkbox",
      "font_class": "md-checkbox",
      "unicode": "e77b",
      "unicode_decimal": 59259
    },
    {
      "icon_id": "6960050",
      "name": "ios-cloud-download",
      "font_class": "ios-cloud-download",
      "unicode": "e67c",
      "unicode_decimal": 59004
    },
    {
      "icon_id": "6960421",
      "name": "md-checkmark-circle",
      "font_class": "md-checkmark-circle",
      "unicode": "e77c",
      "unicode_decimal": 59260
    },
    {
      "icon_id": "6960051",
      "name": "ios-cloud-done",
      "font_class": "ios-cloud-done",
      "unicode": "e67d",
      "unicode_decimal": 59005
    },
    {
      "icon_id": "6960422",
      "name": "md-checkmark-circle-",
      "font_class": "md-checkmark-circle-",
      "unicode": "e77d",
      "unicode_decimal": 59261
    },
    {
      "icon_id": "6960052",
      "name": "ios-cloud-outline",
      "font_class": "ios-cloud-outline",
      "unicode": "e67e",
      "unicode_decimal": 59006
    },
    {
      "icon_id": "6960423",
      "name": "md-checkmark",
      "font_class": "md-checkmark",
      "unicode": "e77e",
      "unicode_decimal": 59262
    },
    {
      "icon_id": "6960053",
      "name": "ios-cloud",
      "font_class": "ios-cloud",
      "unicode": "e67f",
      "unicode_decimal": 59007
    },
    {
      "icon_id": "6960424",
      "name": "md-clipboard",
      "font_class": "md-clipboard",
      "unicode": "e77f",
      "unicode_decimal": 59263
    },
    {
      "icon_id": "6960054",
      "name": "ios-cloud-upload",
      "font_class": "ios-cloud-upload",
      "unicode": "e680",
      "unicode_decimal": 59008
    },
    {
      "icon_id": "6960426",
      "name": "md-close-circle-outl",
      "font_class": "md-close-circle-outl",
      "unicode": "e780",
      "unicode_decimal": 59264
    },
    {
      "icon_id": "6960055",
      "name": "ios-cloudy",
      "font_class": "ios-cloudy",
      "unicode": "e681",
      "unicode_decimal": 59009
    },
    {
      "icon_id": "6960427",
      "name": "md-close",
      "font_class": "md-close",
      "unicode": "e781",
      "unicode_decimal": 59265
    },
    {
      "icon_id": "6960056",
      "name": "ios-cloudy-night",
      "font_class": "ios-cloudy-night",
      "unicode": "e682",
      "unicode_decimal": 59010
    },
    {
      "icon_id": "6960428",
      "name": "md-close-circle",
      "font_class": "md-close-circle",
      "unicode": "e782",
      "unicode_decimal": 59266
    },
    {
      "icon_id": "6960057",
      "name": "ios-code-working",
      "font_class": "ios-code-working",
      "unicode": "e683",
      "unicode_decimal": 59011
    },
    {
      "icon_id": "6960429",
      "name": "md-cloud-done",
      "font_class": "md-cloud-done",
      "unicode": "e783",
      "unicode_decimal": 59267
    },
    {
      "icon_id": "6960058",
      "name": "ios-code",
      "font_class": "ios-code",
      "unicode": "e684",
      "unicode_decimal": 59012
    },
    {
      "icon_id": "6960430",
      "name": "md-cloud-circle",
      "font_class": "md-cloud-circle",
      "unicode": "e784",
      "unicode_decimal": 59268
    },
    {
      "icon_id": "6960059",
      "name": "ios-code-download",
      "font_class": "ios-code-download",
      "unicode": "e685",
      "unicode_decimal": 59013
    },
    {
      "icon_id": "6960431",
      "name": "md-cloud-download",
      "font_class": "md-cloud-download",
      "unicode": "e785",
      "unicode_decimal": 59269
    },
    {
      "icon_id": "6960060",
      "name": "ios-cog",
      "font_class": "ios-cog",
      "unicode": "e686",
      "unicode_decimal": 59014
    },
    {
      "icon_id": "6960432",
      "name": "md-cloud",
      "font_class": "md-cloud",
      "unicode": "e786",
      "unicode_decimal": 59270
    },
    {
      "icon_id": "6960061",
      "name": "ios-color-fill",
      "font_class": "ios-color-fill",
      "unicode": "e687",
      "unicode_decimal": 59015
    },
    {
      "icon_id": "6960433",
      "name": "md-cloud-outline",
      "font_class": "md-cloud-outline",
      "unicode": "e787",
      "unicode_decimal": 59271
    },
    {
      "icon_id": "6960062",
      "name": "ios-compass",
      "font_class": "ios-compass",
      "unicode": "e688",
      "unicode_decimal": 59016
    },
    {
      "icon_id": "6960434",
      "name": "md-cloud-upload",
      "font_class": "md-cloud-upload",
      "unicode": "e788",
      "unicode_decimal": 59272
    },
    {
      "icon_id": "6960063",
      "name": "ios-color-palette",
      "font_class": "ios-color-palette",
      "unicode": "e689",
      "unicode_decimal": 59017
    },
    {
      "icon_id": "6960437",
      "name": "md-code-download",
      "font_class": "md-code-download",
      "unicode": "e789",
      "unicode_decimal": 59273
    },
    {
      "icon_id": "6960064",
      "name": "ios-color-filter",
      "font_class": "ios-color-filter",
      "unicode": "e68a",
      "unicode_decimal": 59018
    },
    {
      "icon_id": "6960438",
      "name": "md-code",
      "font_class": "md-code",
      "unicode": "e78a",
      "unicode_decimal": 59274
    },
    {
      "icon_id": "6960065",
      "name": "ios-color-wand",
      "font_class": "ios-color-wand",
      "unicode": "e68b",
      "unicode_decimal": 59019
    },
    {
      "icon_id": "6960440",
      "name": "md-color-fill",
      "font_class": "md-color-fill",
      "unicode": "e78b",
      "unicode_decimal": 59275
    },
    {
      "icon_id": "6960066",
      "name": "ios-contact",
      "font_class": "ios-contact",
      "unicode": "e68c",
      "unicode_decimal": 59020
    },
    {
      "icon_id": "6960441",
      "name": "md-color-filter",
      "font_class": "md-color-filter",
      "unicode": "e78c",
      "unicode_decimal": 59276
    },
    {
      "icon_id": "6960067",
      "name": "ios-construct",
      "font_class": "ios-construct",
      "unicode": "e68d",
      "unicode_decimal": 59021
    },
    {
      "icon_id": "6960442",
      "name": "md-color-palette",
      "font_class": "md-color-palette",
      "unicode": "e78d",
      "unicode_decimal": 59277
    },
    {
      "icon_id": "6960068",
      "name": "ios-contacts",
      "font_class": "ios-contacts",
      "unicode": "e68e",
      "unicode_decimal": 59022
    },
    {
      "icon_id": "6960443",
      "name": "md-color-wand",
      "font_class": "md-color-wand",
      "unicode": "e78e",
      "unicode_decimal": 59278
    },
    {
      "icon_id": "6960069",
      "name": "ios-contrast",
      "font_class": "ios-contrast",
      "unicode": "e68f",
      "unicode_decimal": 59023
    },
    {
      "icon_id": "6960444",
      "name": "md-code-working",
      "font_class": "md-code-working",
      "unicode": "e78f",
      "unicode_decimal": 59279
    },
    {
      "icon_id": "6960070",
      "name": "ios-contract",
      "font_class": "ios-contract",
      "unicode": "e690",
      "unicode_decimal": 59024
    },
    {
      "icon_id": "6960445",
      "name": "md-contact",
      "font_class": "md-contact",
      "unicode": "e790",
      "unicode_decimal": 59280
    },
    {
      "icon_id": "6960071",
      "name": "ios-copy",
      "font_class": "ios-copy",
      "unicode": "e691",
      "unicode_decimal": 59025
    },
    {
      "icon_id": "6960446",
      "name": "md-contract",
      "font_class": "md-contract",
      "unicode": "e791",
      "unicode_decimal": 59281
    },
    {
      "icon_id": "6960072",
      "name": "ios-create",
      "font_class": "ios-create",
      "unicode": "e692",
      "unicode_decimal": 59026
    },
    {
      "icon_id": "6960448",
      "name": "md-contacts",
      "font_class": "md-contacts",
      "unicode": "e792",
      "unicode_decimal": 59282
    },
    {
      "icon_id": "6960073",
      "name": "ios-disc",
      "font_class": "ios-disc",
      "unicode": "e693",
      "unicode_decimal": 59027
    },
    {
      "icon_id": "6960449",
      "name": "md-contrast",
      "font_class": "md-contrast",
      "unicode": "e793",
      "unicode_decimal": 59283
    },
    {
      "icon_id": "6960074",
      "name": "ios-crop",
      "font_class": "ios-crop",
      "unicode": "e694",
      "unicode_decimal": 59028
    },
    {
      "icon_id": "6960450",
      "name": "md-copy",
      "font_class": "md-copy",
      "unicode": "e794",
      "unicode_decimal": 59284
    },
    {
      "icon_id": "6960075",
      "name": "ios-cube",
      "font_class": "ios-cube",
      "unicode": "e695",
      "unicode_decimal": 59029
    },
    {
      "icon_id": "6960451",
      "name": "md-create",
      "font_class": "md-create",
      "unicode": "e795",
      "unicode_decimal": 59285
    },
    {
      "icon_id": "6960076",
      "name": "ios-desktop",
      "font_class": "ios-desktop",
      "unicode": "e696",
      "unicode_decimal": 59030
    },
    {
      "icon_id": "6960453",
      "name": "md-crop",
      "font_class": "md-crop",
      "unicode": "e796",
      "unicode_decimal": 59286
    },
    {
      "icon_id": "6960077",
      "name": "ios-cut",
      "font_class": "ios-cut",
      "unicode": "e697",
      "unicode_decimal": 59031
    },
    {
      "icon_id": "6960454",
      "name": "md-cube",
      "font_class": "md-cube",
      "unicode": "e817",
      "unicode_decimal": 59415
    },
    {
      "icon_id": "6960078",
      "name": "ios-document",
      "font_class": "ios-document",
      "unicode": "e698",
      "unicode_decimal": 59032
    },
    {
      "icon_id": "6960455",
      "name": "md-cut",
      "font_class": "md-cut",
      "unicode": "e798",
      "unicode_decimal": 59288
    },
    {
      "icon_id": "6960079",
      "name": "ios-egg",
      "font_class": "ios-egg",
      "unicode": "e699",
      "unicode_decimal": 59033
    },
    {
      "icon_id": "6960457",
      "name": "md-desktop",
      "font_class": "md-desktop",
      "unicode": "e799",
      "unicode_decimal": 59289
    },
    {
      "icon_id": "6960080",
      "name": "ios-download",
      "font_class": "ios-download",
      "unicode": "e69a",
      "unicode_decimal": 59034
    },
    {
      "icon_id": "6960458",
      "name": "md-document",
      "font_class": "md-document",
      "unicode": "e79a",
      "unicode_decimal": 59290
    },
    {
      "icon_id": "6960081",
      "name": "ios-easel",
      "font_class": "ios-easel",
      "unicode": "e69b",
      "unicode_decimal": 59035
    },
    {
      "icon_id": "6960459",
      "name": "md-download",
      "font_class": "md-download",
      "unicode": "e79b",
      "unicode_decimal": 59291
    },
    {
      "icon_id": "6960082",
      "name": "ios-exit",
      "font_class": "ios-exit",
      "unicode": "e69c",
      "unicode_decimal": 59036
    },
    {
      "icon_id": "6960460",
      "name": "md-done-all",
      "font_class": "md-done-all",
      "unicode": "e79c",
      "unicode_decimal": 59292
    },
    {
      "icon_id": "6960083",
      "name": "ios-expand",
      "font_class": "ios-expand",
      "unicode": "e69d",
      "unicode_decimal": 59037
    },
    {
      "icon_id": "6960462",
      "name": "md-expand",
      "font_class": "md-expand",
      "unicode": "e79d",
      "unicode_decimal": 59293
    },
    {
      "icon_id": "6960084",
      "name": "ios-eye-off",
      "font_class": "ios-eye-off",
      "unicode": "e69e",
      "unicode_decimal": 59038
    },
    {
      "icon_id": "6960463",
      "name": "md-exit",
      "font_class": "md-exit",
      "unicode": "e79e",
      "unicode_decimal": 59294
    },
    {
      "icon_id": "6960085",
      "name": "ios-eye",
      "font_class": "ios-eye",
      "unicode": "e69f",
      "unicode_decimal": 59039
    },
    {
      "icon_id": "6960464",
      "name": "md-eye",
      "font_class": "md-eye",
      "unicode": "e79f",
      "unicode_decimal": 59295
    },
    {
      "icon_id": "6960086",
      "name": "ios-done-all",
      "font_class": "ios-done-all",
      "unicode": "e6a0",
      "unicode_decimal": 59040
    },
    {
      "icon_id": "6960465",
      "name": "md-fastforward",
      "font_class": "md-fastforward",
      "unicode": "e7a0",
      "unicode_decimal": 59296
    },
    {
      "icon_id": "6960087",
      "name": "ios-female",
      "font_class": "ios-female",
      "unicode": "e6a1",
      "unicode_decimal": 59041
    },
    {
      "icon_id": "6960466",
      "name": "md-eye-off",
      "font_class": "md-eye-off",
      "unicode": "e7a1",
      "unicode_decimal": 59297
    },
    {
      "icon_id": "6960088",
      "name": "ios-filing",
      "font_class": "ios-filing",
      "unicode": "e6a2",
      "unicode_decimal": 59042
    },
    {
      "icon_id": "6960469",
      "name": "md-filing",
      "font_class": "md-filing",
      "unicode": "e7a2",
      "unicode_decimal": 59298
    },
    {
      "icon_id": "6960089",
      "name": "ios-fastforward",
      "font_class": "ios-fastforward",
      "unicode": "e6a3",
      "unicode_decimal": 59043
    },
    {
      "icon_id": "6960472",
      "name": "md-flag",
      "font_class": "md-flag",
      "unicode": "e7a3",
      "unicode_decimal": 59299
    }
  ]
}
